folder,file,title,year,sport,novelty,practicality,reproducibility,composite,data,code,one_line
curated,"1971 Operations Research on Football - Carter, Virgil and Machol, Robert E..pdf",Operations Research on Football,1971,NFL,10,7,6,23,public,no,Seminal expected point values by field position from hand-charted NFL plays; foundation of all modern EPA work.
curated,2003 Colley Matrix Method.pdf,Colley's Bias Free College Football Ranking Method: The Colley Matrix Explained,2003,CFB,7,6,9,22,public,no,"Fully-derived linear-algebra win-loss ranking system, bias-free strength-of-schedule adjustment, used in the BCS."
curated,2005 Overconfidence vs Market Efficiency in the NFL.pdf,Overconfidence vs. Market Efficiency in the National Football League,2005,NFL,9,9,7,25,mixed,no,Massey-Thaler show top draft picks are systematically overvalued; basis of modern pick surplus-value charts.
curated,2007 A starting point for analyzing basketball statistics.pdf,A Starting Point for Analyzing Basketball Statistics,2007,NBA,6,8,9,23,public,no,"Canonical codification of possession framework, Four Factors, ratings and pace adjustment by Kubatko/Oliver/Pelton/Rosenbaum."
curated,2010 A_Regression_Based_Adjusted_Plus_Minus_Statistic for NHL - McDonald.pdf,A Regression-based Adjusted Plus-Minus Statistic for NHL Players,2010,NHL,7,7,8,22,public,no,"First adjusted plus-minus for hockey using NHL.com shift reports and weighted least squares, with offensive/defensive splits."
curated,2010 NBA Adjusted Plus Minus using Regularization.pdf,Improved NBA Adjusted +/- Using Regularization and Out-of-Sample Testing,2010,NBA,8,8,7,23,public,no,"Sill introduces ridge regression (RAPM) and out-of-sample validation to APM, the basis of modern impact metrics."
curated,2011 Adjusted Plus Minus Omidiran UC Berkeley.pdf,A New Look at Adjusted Plus/Minus for Basketball Analysis,2011,NBA,5,6,6,17,public,no,Recasts APM as penalized regression with cross-validated lambda and a fast solver; incremental over Sill's RAPM.
curated,2011 An_Improved_Adjusted_Plus_Minus_Statististic - McDonald.pdf,An Improved Adjusted Plus-Minus Statistic for NHL Players,2011,NHL,6,7,7,20,public,no,Extends NHL APM to power-play/shorthanded situations and zone-start adjustment using NHL.com shift reports.
curated,2011 Evaluating-Basketball-Player-Performance-via-Statistical-Network-Modeling.pdf,Evaluating Basketball Player Performance via Statistical Network Modeling,2011,NBA,7,5,6,18,public,no,Random-walk network centrality plus bootstrap significance on five-man-unit graphs to rate player importance.
curated,2011 Forecasting-Performance-of-International-Players-in-the-NBA.pdf,Forecasting Performance of International Players in the NBA,2011,NBA,5,6,5,16,mixed,no,Regressions linking international league statistics to NBA draft position and success for 140 foreign-born players.
curated,2011 Moral Hazard in Long Term Guaranteed Contracts - NBA.pdf,Moral Hazard in Long-Term Guaranteed Contracts: Theory and Evidence from the NBA,2011,NBA,5,5,7,17,public,no,"Fixed-effects evidence of a ~10% contract-year performance bump, with a principal-agent model explaining it."
curated,2011 Optimizing NBA Free Agency Choices.pdf,Optimizing an NBA Team's Approach to Free Agency using a Multiple-Choice Knapsack Model,2011,NBA,6,4,5,15,none,no,Frames free-agency timing/bidding as a dynamic multiple-choice knapsack problem under the salary cap.
curated,2011 Player Eval Techniques - NBA.pdf,A New Player Evaluation Technique for Players of the NBA,2011,NBA,7,7,6,20,public,no,Engelmann's finite-state-machine credit model outperforming RAPM in out-of-sample prediction; precursor to ESPN RPM.
curated,2011 The Price of Anarchy in Basketball.pdf,The Price of Anarchy in Basketball,2011,NBA,8,4,8,20,none,no,"Skinner's influential game-theoretic analogy: selfish shot selection vs global offensive optimum, with a basketball Braess paradox."
curated,2011 Using Cumulative Win Probabilities to Predict NCAA Performance - Bashuk.pdf,Using Cumulative Win Probabilities to Predict NCAA Basketball Performance,2011,NCAA MBB,5,6,7,18,public,yes,"Ranks teams by in-game cumulative win probability rather than final margin, beating ASM/RPI accuracy."
curated,2012 An_Expected_Goals_Model_for_Evaluating_NHL - McDonald.pdf,An Expected Goals Model for Evaluating NHL Teams and Players,2012,NHL,7,7,7,21,public,no,"Early expected-goals model beating Corsi/Fenwick predictively, fed into ridge-regression adjusted plus-minus."
curated,2012 Big 2s and 3s Best Players Complement Each Other.pdf,Big 2's and Big 3's: Analyzing How a Team's Best Players Complement Each Other,2012,NBA,5,5,6,16,public,no,K-means player archetypes plus regression to find which top-2/top-3 archetype combinations over- or under-perform.
curated,2012 CourtVision.pdf,CourtVision: New Visual and Spatial Analytics for the NBA,2012,NBA,8,7,7,22,public,no,Goldsberry's field-defining spatial shot-chart analytics quantifying shooting range and spatial scoring signatures.
curated,2012 Deconstructing the Rebound - Rajiv Maheswaran.pdf,Deconstructing the Rebound with Optical Tracking Data,2012,NBA,8,6,3,17,proprietary,no,"First large-scale SportVU tracking study of rebound physics: shot location, rebound height, and optimal positioning."
curated,2012 Effort vs Concentration Impact of Pressure NBA.pdf,Effort vs. Concentration: The Asymmetric Impact of Pressure on NBA Performance,2012,NBA,7,4,7,18,public,no,1.3M possessions show home players choke on clutch free throws but exert more offensive-rebounding effort under pressure.
curated,2012 Experience and Winning in the NBA.pdf,Experience and Winning in the National Basketball Association,2012,NBA,4,5,6,15,public,no,Panel econometrics on 804 team-seasons: coach playoff experience and teammate continuity aid postseason success; player experience doesn't.
curated,2012 Forecasting NBA Player Performance Douglas Hwang.pdf,Forecasting NBA Player Performance using a Weibull-Gamma Statistical Timing Model,2012,NBA,5,5,6,16,public,no,Applies marketing-style Weibull-Gamma timing models to project player scoring trajectories and aging for contract valuation.
curated,2012 NBA Chemistry Positive and Negative Synergies.pdf,NBA Chemistry: Positive and Negative Synergies in Basketball,2012,NBA,7,6,6,19,public,no,"Skills Plus-Minus framework simulates lineups from skill ratings, quantifying synergies and finding mutually beneficial trades."
curated,2012 Sports Data Mining Technology Used in Basketball Outcome Predicti.pdf,Sports Data Mining Technology Used in Basketball Outcome Prediction,2012,NBA,3,4,6,13,public,unknown,Masters dissertation applying standard data-mining classifiers to basketball game outcome prediction.
curated,2012 Sports Negotiations.pdf,A Systematic Approach to Sports Negotiations,2012,general,2,3,1,6,none,no,"Corporate slide deck on negotiation technique; no data, models, or quantitative analysis."
curated,2012 Using Computer Vision and Machine Learning to Automatically Classify NFL Game Film and Develop a Player Tracking System.pdf,Using Computer Vision and Machine Learning to Automatically Classify NFL Game Film and Develop a Player Tracking System,2018,NFL,7,7,4,18,mixed,no,"Computer vision on All-22 film auto-labels formations and extracts player tracking, circumventing teams' lack of league-wide NGS access."
curated,2013 Acceleration in the NBA Slides.pdf,Acceleration in the NBA: Towards an Algorithmic Taxonomy of Basketball Plays (slides),2013,NBA,4,3,2,9,proprietary,no,Slide deck companion to the acceleration/burst-clustering paper on SportVU tracking data.
curated,2013 Acceleration in the NBA Towards an Algorithmic Taxonomy of Basketball Plays.pdf,Acceleration in the NBA: Towards an Algorithmic Taxonomy of Basketball Plays,2013,NBA,6,4,3,13,proprietary,no,"First study of player acceleration bursts from optical tracking, clustering burst locations toward an algorithmic play taxonomy."
curated,"2013 Testing the Utility of the Pythagorean Expectation Formula on Division One CFB - Cary Caro, Ryan Machtmes.pdf",Testing the Utility of the Pythagorean Expectation Formula on Division One College Football,2013,CFB,3,5,8,16,public,no,Applies James's Pythagorean expectation and Morey's exponent to Division I college football 2005-2011 via residual analysis.
curated,2013 The Dwight Effect A New Ensemble of Interior Defense Analytics for the NBA.pdf,The Dwight Effect: A New Ensemble of Interior Defense Analytics for the NBA,2013,NBA,8,6,3,17,proprietary,no,Pioneering tracking-based interior defense metrics and 'spatial splits' quantifying rim protection value of big men.
curated,2013 To Crash or Not To Crash A quantitative look at the relationship between offensive rebounding and transition defense in the NBA.pdf,To Crash or Not To Crash: Offensive Rebounding vs. Transition Defense in the NBA,2013,NBA,7,7,3,17,proprietary,no,"Tracking-derived crash/retreat indices quantify the tradeoff between offensive rebounding and transition defense, informing coaching strategy."
curated,2013 To Crash or not to crash Slides.pdf,To Crash or Not To Crash: Offensive Rebounding vs. Transition Defense (slides),2013,basketball,6,6,2,14,proprietary,no,Slide deck for MIT SportVU study quantifying tradeoff between crashing offensive boards and getting back on defense.
curated,"2013 Using Zone Entry Data To Separate Offensive, Neutral, And Defensive Zone Performance.pdf","Using Zone Entry Data To Separate Offensive, Neutral, And Defensive Zone Performance",2013,hockey,8,8,5,21,mixed,no,Hand-tracked NHL zone entries show carry-ins double dump-in shot output and neutral zone drives shot differential; foundational hockey microstat work.
curated,2014 Automatically Recognizing On-Ball Screens.pdf,Automatically Recognizing On-Ball Screens,2014,basketball,7,6,3,16,proprietary,no,"Rule-based segmentation plus ML classifier detects pick-and-rolls in SportVU tracking with 82% sensitivity, 80% PPV."
curated,2014 Factorized Point Process Intensities - Spatial Analysis.pdf,Factorized Point Process Intensities: A Spatial Analysis of Professional Basketball,2014,basketball,8,6,6,20,public,no,LGCP plus NMF decomposition of NBA shot charts into interpretable spatial bases; landmark spatial basketball methodology.
curated,2014 From 5 to 13 Positions in Basketball Slides.pdf,From 5 to 13: Redefining the Positions in Basketball (slides),2012,basketball,7,4,2,13,public,no,Alagappan's topological data analysis talk clustering NBA players into 13 positions from box-score stats; famous but methodologically opaque.
curated,2014 Hot Hand Fallacy.pdf,"The Hot Hand: A New Approach to an Old ""Fallacy""",2014,basketball,8,5,3,16,proprietary,no,"Controls for shot difficulty with SportVU tracking; hot players take harder shots, and a small 1.2-2.4pp hot hand emerges."
curated,2014 Pointwise Predicting Points and Valuing Decisions.pdf,POINTWISE: Predicting Points and Valuing Decisions in Real Time with NBA Optical Tracking Data,2014,basketball,9,7,3,19,proprietary,no,"Introduces Expected Possession Value (EPV), assigning a point value to every moment and decision of an NBA possession; field-defining."
curated,2014 Pointwise Slides.pdf,POINTWISE: Predicting Points and Valuing Decisions (slides),2014,basketball,9,6,2,17,proprietary,no,"Slide deck for the EPV (expected possession value) framework by Cervone, D'Amour, Bornn, and Goldsberry."
curated,2014 Quantifying Shot Quality in the NBA - Second Spectrum.pdf,Quantifying Shot Quality in the NBA,2014,basketball,7,7,2,16,proprietary,no,Second Spectrum's ESQ/EFG+ framework separating shot quality from shot-making ability using SportVU tracking features.
curated,2014 The Three Dimensions of Rebounding.pdf,The Three Dimensions of Rebounding,2014,basketball,8,6,3,17,proprietary,no,"Decomposes rebounding into Positioning, Hustle, and Conversion using Voronoi tessellations over SportVU tracking; SSAC best-paper winner."
curated,2014 Three Dimensions of Rebounding.pdf,The Three Dimensions of Rebounding (duplicate copy),2014,basketball,8,6,3,17,proprietary,no,Duplicate of Maheswaran et al.'s Positioning/Hustle/Conversion rebounding decomposition from Second Spectrum.
curated,2014_Elivelton_FerreiraBueno.pdf,Mathematical Modeling and Optimization Approaches for Scheduling the Regular-Season Games of the National Hockey League,2014,hockey,5,4,5,14,public,no,PhD thesis applying integer programming and heuristics to construct NHL regular-season schedules under travel and rule constraints.
curated,2014_SSAC_The-Three-Dimensions-Of-Rebounding.pdf,The Three Dimensions of Rebounding (duplicate copy),2014,basketball,8,6,3,17,proprietary,no,"Third duplicate copy of the Second Spectrum rebounding decomposition paper (Positioning, Hustle, Conversion)."
curated,2015 Beyond runs expectancy - Jim Albert.pdf,Beyond runs expectancy,2015,baseball,6,6,7,19,public,unknown,"Extends Lindsey's run expectancy with multinomial/multilevel models capturing team, ballpark, pitcher, and clutch covariate effects."
curated,"2015 Bias in the log5 estimation of outcome of batter-pitcher matchups, and an alternative - Leslie C. Morey and Mark A. Cohen.pdf","Bias in the log5 estimation of outcome of batter/pitcher matchups, and an alternative",2015,baseball,5,6,8,19,public,no,Monte Carlo and 18 MLB seasons show log5 overestimates rare-event matchup outcomes; proposes closed-form Morey-Z alternative.
curated,"2015 College deviance and the effects on NFL amateur draft selection - Analyzing the Personal Conduct Policy - Michael Palmera, Quinlan Duhanb and Brian P. Soebbing.pdf",College deviance and the effects on NFL amateur draft selection: Analyzing the Personal Conduct Policy,2015,football,4,4,5,13,mixed,no,"Regression of 1999-2013 draft positions on final-year college misconduct, testing whether Goodell's 2007 conduct policy changed team behavior."
curated,2015 Counterpoints Advanced Defensive Metrics NBA.pdf,Counterpoints: Advanced Defensive Metrics for NBA Basketball,2015,basketball,8,6,3,17,proprietary,no,"Estimates who-is-guarding-whom every moment from tracking data, yielding counterpoints, volume/disruption scores, and defensive shot charts."
curated,2015 Graphical Model for Baskeball Match Simulation.pdf,Graphical Model for Basketball Match Simulation,2015,basketball,7,6,5,18,public,no,"Player-identity-aware probabilistic graphical model simulating possessions touch-by-touch, capturing lineup-dependent ball movement dynamics."
curated,2015 Graphical Model for Basketball Match Simulation.pdf,Graphical Model for Basketball Match Simulation (duplicate copy),2015,basketball,7,6,5,18,public,no,"Duplicate of Oh, Keshri, and Iyengar's lineup-aware possession-level basketball match simulator."
curated,2015 Modeling NBA Game Outcomes - Univ of Cologne.pdf,Modeling and forecasting the outcomes of NBA basketball games,2015,basketball,5,5,7,17,public,no,"Extends paired-comparison score models with heteroscedasticity, structural breaks, and dynamic state-space team strengths; combining with betting odds helps."
curated,2015 No referee bias in the NBA - New evidence with leagues' assessment data - Christian Deutscher.pdf,No referee bias in the NBA: New evidence with leagues' assessment data,2015,basketball,6,4,7,17,public,no,"First use of NBA Last Two Minute report call-by-call assessments; finds no home, superstar, or underdog bias in foul calling."
curated,2015 Predicting Sports Scoring Dynamics UC Boulder.pdf,Predicting sports scoring dynamics with restoration and anti-persistence,2015,multi-sport,7,5,4,16,proprietary,no,"Generative within-game scoring models with lead-restoration and anti-persistence predict next scorer and winner across NFL, CFB, NHL, NBA."
curated,2016 A Scalable Framework for NBA Player and Team Comparisons Using Player Tracking Data - Scott Bruce.pdf,A Scalable Framework for NBA Player and Team Comparisons Using Player Tracking Data,2016,basketball,4,6,7,17,public,no,PCA on public NBA.com tracking-derived stats yields four components and a Statistical Diversity Index for player/team similarity comparisons.
curated,"2016 An easily implemented and accurate model for predicting NCAA tournament at-large bids - B. Jay Colemana, J. Michael DuMond and Allen K. Lynch.pdf",An easily implemented and accurate model for predicting NCAA tournament at-large bids,2016,basketball,5,7,8,20,public,no,"Eight-factor probit on RPI-based resume metrics predicts NCAA at-large selections, hitting 68 of 72 out-of-sample bids for 2014-15."
curated,"2016 An improvement to the baseball statistic ""Pythagorean Wins"" - Jay Heumann.pdf","An improvement to the baseball statistic ""Pythagorean Wins""",2016,baseball,4,4,9,17,public,no,Pairwise (opponent-by-opponent) Pythagorean formulation fixes an expectation inconsistency and modestly lowers RMSE over 60 season-league samples.
curated,2016 Applying Deep Learning to Basketball Trajectories.pdf,Applying Deep Learning to Basketball Trajectories,2016,basketball,6,4,7,17,public,yes,"LSTM sequence models on 20,000 publicly-dumped SportVU three-point trajectories outperform feature-engineered GBM at predicting makes."
curated,2016 Complementary Skills NBA.pdf,Accounting for Complementary Skill Sets When Evaluating NBA Players' Values to a Specific Team,2016,basketball,7,6,5,18,public,no,"Structural possession event-tree model quantifies teammate complementarities, lineup-specific player value, and shows salaries ignore spillovers."
curated,2016 Find the Open Receiver QB Decision Making.pdf,Finding the Open Receiver: A Quantitative Geospatial Analysis of Quarterback Decision-Making,2016,football,6,5,3,14,proprietary,no,Predictive Voronoi tessellations over video-charted Colts pass plays quantify receiver openness and grade QB decision-making.
curated,2016 Meta-Analytics -- Tools for Understanding the Statistical Propertis of Sports Metrics.pdf,Meta-Analytics: Tools for Understanding the Statistical Properties of Sports Metrics,2016,multi-sport,7,7,7,21,public,no,"Proposes meta-metrics — stability, discrimination, independence — to evaluate which NBA/NHL player metrics carry reliable, unique signal."
curated,2016 Meta-Analytics.pdf,Meta-Analytics: Tools for Understanding the Statistical Properties of Sports Metrics (duplicate copy),2016,multi-sport,7,7,7,21,public,no,"Duplicate of Franks, D'Amour, Cervone, and Bornn's meta-metrics framework for assessing sports metrics."
curated,2016 NBA Court Realty.pdf,NBA Court Realty,2016,basketball,7,5,3,15,proprietary,no,"Treats court space as a real-estate market, inferring cell values from pass 'transactions' in weighted-Voronoi ownership of SportVU data."
curated,2016 NBA Offensive Plays using Neural Networks.pdf,Classifying NBA Offensive Plays Using Neural Networks,2016,basketball,7,6,3,16,proprietary,no,"Deep/recurrent neural networks classify NBA offensive playcalls from SportVU tracking, with season-to-season transfer tests."
curated,2016 Preventing in-game Injuries NBA.pdf,Preventing In-game Injuries for NBA Players,2016,basketball,6,7,5,18,mixed,no,"Random forest on sliding-window workload, schedule, and SportVU-derived stats predicts weekly NBA injury risk to guide rest decisions."
curated,2016 Rajiv Shah Deep Learning Bball Trajectory UIUC .pdf,Applying Deep Learning to Basketball Trajectories,2016,basketball,6,4,7,17,public,yes,LSTM/MDN sequence model on 20k public SportVU ball trajectories beats feature-engineered GBM at predicting three-point makes.
curated,2016 Recognizing and Analyzing Ball Screen Defense NBA.pdf,Recognizing and Analyzing Ball Screen Defense in the NBA,2016,basketball,7,7,2,16,proprietary,no,"Supervised classifier labels 270k NBA ball screens as over/under/trap/switch from SportVU, enabling team and player defensive-scheme analysis."
curated,2016 Recognizing and Analyzing Ball Screen Defense in the NBA.pdf,Recognizing and Analyzing Ball Screen Defense in the NBA,2016,basketball,7,7,2,16,proprietary,no,"Duplicate of idx 65: SportVU-based classification of pick-and-roll defensive schemes across 270,823 screens."
curated,2016 Scorekeeper Bias Basketball Nick Van Exel.pdf,The Van Exel Effect: Adjusting for Scorekeeper Bias in NBA Box Scores,2016,basketball,7,6,5,18,mixed,no,"Quantifies home-scorekeeper bias in NBA assists and blocks and produces adjusted totals, with daily-fantasy implications."
curated,2016 Sports Ratings models slides - David Aldous.pdf,Sports Rating Models (Lecture 3 slides),2016,general,3,4,5,12,public,no,"Teaching slides surveying Elo-style and probabilistic rating models for two-competitor sports; pedagogical, not original research."
curated,2016 Statistical methods in sports with a focus on win probability and.pdf,Statistical Methods in Sports with a Focus on Win Probability and Performance Evaluation,2016,football,7,8,7,22,public,unknown,Lock's dissertation including the influential Lock-Nettleton random-forest NFL win probability model and performance-evaluation methods.
curated,2016 Stochastic Process Model Basketball.pdf,A Multiresolution Stochastic Process Model for Predicting Basketball Possession Outcomes (EPV),2016,basketball,9,7,5,21,proprietary,yes,Field-defining Expected Possession Value framework: multiresolution stochastic process on optical tracking valuing every instant of an NBA possession.
curated,2016 The Shrinkage of the Pythagorean exponents - John Chen and Tengfei Li.pdf,The Shrinkage of the Pythagorean Exponents,2016,basketball,4,5,8,17,public,no,Shows the optimal NBA Pythagorean exponent shrinks substantially when used for in-season prediction rather than in-sample fit.
curated,2016 spatio temporal analysis for team sports.pdf,Spatio-Temporal Analysis of Team Sports - A Survey,2016,multi-sport,4,5,7,16,none,no,Comprehensive survey categorizing research using spatio-temporal tracking data in invasion sports and identifying open problems.
curated,2017 - International Journal of Computer Science in Sport A Logistic Regression_Markov Chain Model for American College Football.pdf,A Logistic Regression/Markov Chain Model for American College Football,2017,college football,5,6,7,18,public,no,"Extends the LRMC basketball ranking model to college football via common-opponent margins, competitive with top composite rankings."
curated,2017 AI for Fixing Play by Play Substitutions.pdf,Using AI to Correct Play-by-play Substitution Errors,2017,basketball,5,7,6,18,public,no,"Rule/inference agent cleans erroneous substitution logs in 6000+ Canadian U Sports games so lineup metrics (APM, WOWY) become usable."
curated,2017 Bhostgusters - Realtime Interactive Play Sketching with Synthesized NBA Defenses.pdf,Bhostgusters: Realtime Interactive Play Sketching with Synthesized NBA Defenses,2018,basketball,7,6,2,15,proprietary,no,Tablet whiteboard app converts sketched plays to synthetic tracking and uses deep imitation-learned ghosts to show likely NBA defensive responses.
curated,2017 Body Shots - Analyzing Shooting Styles in the NBA using Body-Pose Attributes.pdf,Body Shots: Analyzing Shooting Styles in the NBA using Body-Pose Attributes,2017,basketball,7,5,2,14,proprietary,no,"First body-pose-attribute analysis of NBA three-point shooting form from broadcast video, including a Steph Curry case study."
curated,2017 Data Driven Ghosting.pdf,Data-Driven Ghosting using Deep Imitation Learning,2017,soccer,8,6,2,16,proprietary,no,Deep imitation learning automatically generates league-average and team-specific defensive 'ghosts' from soccer tracking data; highly influential.
curated,2017 Football Route Identification.pdf,American Football Route Identification Using Supervised Machine Learning,2017,football,6,6,4,16,proprietary,no,"Supervised classification of receiver routes from hand-digitized All-22 coordinates of 2014 Colts plays, prefiguring later tracking-based route work."
curated,2017 High-resolution shot capture reveals systematic biases and an improved method for shooter evaluation.pdf,High-resolution Shot Capture Reveals Systematic Biases and an Improved Method for Shooter Evaluation,2018,basketball,7,7,2,16,proprietary,no,22M Noahlytics rim-entry captures reveal systematic left-right/depth shooting biases and train a 25-shot ML shooter-skill ranker.
curated,2017 Hockey Passing Defensive Ability.pdf,Evaluating Defensive Ability in Hockey Using Passing Data,2017,hockey,6,6,5,17,mixed,no,Volunteer-tracked pass sequences on 565 NHL games yield defensive passing metrics more repeatable and predictive than shot-based measures.
curated,2017 LinNet - Probabilistic Lineup Evaluation Through Network Embedding.pdf,LinNet: Probabilistic Lineup Evaluation Through Network Embedding,2017,basketball,6,5,6,17,public,unknown,node2vec embedding of an NBA lineup-matchup network predicts lineup-vs-lineup outcomes at 67% accuracy with well-calibrated probabilities.
curated,2017 PageRank Model for Player Performance Assessment.pdf,"A PageRank Model for Player Performance Assessment in Basketball, Soccer and Hockey",2017,multi-sport,5,4,5,14,mixed,no,"Game-level PageRank over pass/turnover networks rates individual playmaking across both teams, illustrated on nine NBA games."
curated,2017 Position importance in NCAA football - Zachary Knowlton and Gilbert W. Fellingham.pdf,Position Importance in NCAA Football,2017,college football,5,5,3,13,proprietary,no,"Bayesian hierarchical model links BYU coaches' per-play player grades to expected points, ranking player and position importance."
curated,2017 Possession Sketches - Mapping NBA Strategies.pdf,Possession Sketches: Mapping NBA Strategies,2017,basketball,8,6,3,17,proprietary,no,LDA-style topic model over a learned dictionary of movement 'actions' organizes 190k NBA possessions by offensive structure for searchable scouting.
curated,2017 Possession Sketches Mapping NBA Strategies.pdf,"Possession Sketches: Mapping NBA Strategies (Miller & Bornn, named version)",2017,basketball,8,6,3,17,proprietary,no,Duplicate of idx 84: hierarchical action-template/topic model mapping NBA offensive strategy from tracking data.
curated,2017 Shooting Styles Body Shots - SportVu.pdf,Body Shots: Analyzing Shooting Styles in the NBA using Body Pose (Felsen & Lucey),2017,basketball,7,5,2,14,proprietary,no,"Duplicate (named version) of idx 76: 17 pose attributes on 1500 labeled three-pointers, with chi-squared make/miss analysis and Curry study."
curated,2017 Shrinkage estimation of NFL field goal success probabilities - Jason A. Osborne and Richard A. Levine.pdf,Shrinkage Estimation of NFL Field Goal Success Probabilities,2017,football,5,6,7,18,public,no,"GLM with complementary log-log link plus shrinkage toward league-average yields lower-variance kicker ratings and stadium effects, 1998-2014."
curated,2017 Sports Science Youth Appeal John Drazan.pdf,From Sports to Science: Using Basketball Analytics to Broaden the Appeal of Math and Science Among Youth,2017,basketball,4,3,4,11,proprietary,no,STEM-outreach study showing basketball-analytics clinics raise underrepresented youths' self-perceived STEM knowledge and interest.
curated,2017 Steph Curry Shot Attribute Analysis.pdf,Body Shots: Analyzing Shooting Styles in the NBA using Body Pose (duplicate copy),2017,basketball,7,5,2,14,proprietary,no,Third copy of the Felsen & Lucey Body Shots paper (idx 76/86): pose-attribute shooting-style analysis with Curry case study.
curated,2017 Understanding and Increasing 3 point Shooting.pdf,A Data-Driven Method for Understanding and Increasing 3-point Shooting Percentage,2017,basketball,6,7,2,15,proprietary,no,"1.1M Noah-tracked three-pointers identify six flight factors, a guaranteed-make rim zone, and player-specific actionable training prescriptions."
curated,"2018 A Markov chain analysis of NFL overtime rules - Renee Martin, Logan Timmons and Megan Powell.pdf",A Markov Chain Analysis of NFL Overtime Rules,2018,football,4,5,8,17,public,no,"Markov chains compare sudden-death, modified, 10-minute, and both-teams-possess NFL overtime formats for first-possession win probability and tie rates."
curated,"2018 A flight-based metric for evaluating NFL punters - R. Drew Pasteur, Emily Howerton, Preston Pozderac, Stuart Young and Jonathan Moore.pdf",A Flight-based Metric for Evaluating NFL Punters,2018,football,6,6,5,17,mixed,no,"Nonlinear EPA model for punter evaluation incorporating field position, hang time, coverage, and environment, isolating punter skill from context."
curated,2018 Asset Pricing and Sports Betting - Tobias Moskowitz.pdf,Asset Pricing and Sports Betting,2018,multi (betting),8,6,4,18,proprietary,no,"Uses 100k+ betting contracts across four sports to test momentum/value anomalies, finding overreaction that also predicts equity returns."
curated,2018 Evaluating NFL plays - Expected points adjusted for Schedule.pdf,Evaluating NFL plays: Expected points adjusted for schedule,2018,NFL,6,7,5,18,mixed,no,"Optimization framework adjusts expected-points play values for opponent offensive/defensive strength, enabling personnel and special-teams evaluation."
curated,2018 High Resolution Shot Capture - Systematic Biases.pdf,High-resolution shot capture reveals systematic biases and an improved method for shooter evaluation,2018,NBA/basketball,7,7,2,16,proprietary,no,Uses 22M Noahlytics high-resolution shots to expose entry-angle/depth biases and train an ML shooter-skill predictor from 25-shot sessions.
curated,2018 Interactive Play Sketching with Synthesized NBA Defenses.pdf,Bhostgusters: Realtime Interactive Play Sketching with Synthesized NBA Defenses,2018,NBA,7,7,2,16,proprietary,no,Generative model synthesizes realistic NBA defensive movement from sketched offensive plays for interactive coaching and scouting.
curated,2018 Modeling the NCAA basketball tournament selection process using a decision tree - Shouvik Dutta and Sheldon H. Jacobson.pdf,Modeling the NCAA basketball tournament selection process using a decision tree,2018,NCAA basketball,4,5,6,15,public,no,"Builds a decision tree to mimic the NCAA selection committee's at-large bids, correctly picking all but one team per year 2012-2016."
curated,2018 Predictive Analytics for University of Virginia Football Recruiting.pdf,Predictive Analytics for University of Virginia Football Recruiting,2018,college football,4,6,3,13,proprietary,no,Systems-analysis and predictive model to improve UVA's football recruiting pipeline and staff decision-making.
curated,2018 Ranking regular seasons in the NBA’s Modern Era using grey relational analysis - Sean Pradhan.pdf,Ranking regular seasons in the NBA's Modern Era using grey relational analysis,2018,NBA,5,3,6,14,public,no,"Applies grey relational analysis to rank 100 NBA Modern-Era regular seasons, topped by Curry's 2015-16 MVP campaign."
curated,2018 Simulating_a_Basketball_Game_with_HDP-Based_Models_and_Forecasting_the_Outcome.pdf,Simulating a basketball game with HDP-based models and forecasting the outcome,2018,basketball,5,4,4,13,unknown,no,"Uses hierarchical Dirichlet process HMMs to simulate basketball possessions and forecast game outcomes, beating logit/NB/NN baselines."
curated,"2018 State of the Art of Sports Data Visualization - Perin, et al.pdf",State of the Art of Sports Data Visualization,2018,multi,4,5,5,14,none,no,"Survey categorizing sports data visualization research across sports, data types, and tasks, providing a reference taxonomy for viz designers."
curated,2018 Three point shooting and efficient mixed strategies - A portfolio management approach - Mark Fichman and John O’Brien.pdf,Three point shooting and efficient mixed strategies: A portfolio management approach,2018,NBA,6,6,6,18,public,no,"Applies mean-variance portfolio theory to identify efficient 2pt/3pt shot mixes for NBA teams, linking shot-type efficiency to winning."
curated,"2018 nflWAR_ a reproducible method for offensive player evaluation in football,  Journal of Quantitative Analysis in Sports.pdf",nflWAR: a reproducible method for offensive player evaluation in football,2019,NFL,8,8,9,25,public,yes,Introduces nflscrapR plus EP/WP and multilevel WAR framework for reproducible open-source NFL offensive player evaluation.
curated,"2019 A Bayesian Joint Model for Spatial Point Processes with Application to Basketball Shot Chart - Jiao, Hu, et al.pdf",A Bayesian Joint Model for Spatial Point Processes with Application to Basketball Shot Chart,2019,NBA,6,4,6,16,public,unknown,Bayesian marked spatial point process jointly models shot intensity and make-probability with spike-slab variable selection on NBA shot charts.
curated,"2019 A Naive Bayes Approach for NFL Passing Evaluation from Tracking Data Extracted from Images - Sarah Mallepalle, Ron Yurko, Kostas Pelechrinis, Sam Ventura.pdf",A Naive Bayes Approach for NFL Passing Evaluation using Tracking Data Extracted from Images,2019,NFL,7,6,6,19,public,yes,"Extracts pass locations from public NGS chart images, then GAM/Naive Bayes models completion-percentage surfaces for QBs and defenses."
curated,2019 Analytics for the Front Office - Valuing Protections on NBA Draft Picks.pdf,Analytics for the Front Office: Valuing Protections on NBA Draft Picks,2019,NBA,6,8,5,19,public,no,"Framework to value protection clauses on traded NBA draft picks, quantifying how conditions alter pick-asset worth for front offices."
curated,"2019 Analyzing National Football League is Challenging, but player tracking data is here to help - Lopez.pdf","Analyzing the National Football League is challenging, but player tracking data is here to help",2019,NFL,5,6,6,17,public,no,Research note arguing observational NFL data confounds analysis (e.g. fourth-down strategy) and synthesizing the tracking-data special issue.
curated,2019 Rao-Blackwellizing field goal percentage - dalygrafstein_jqas_2019.pdf,Rao-Blackwellizing field goal percentage,2019,NBA,7,6,3,16,proprietary,no,"Uses shot-trajectory (entry angle, depth, left-right) to build a variance-reduced Rao-Blackwellized FG% estimator that stabilizes early-season."
curated,2019 Relative age effects in American professional football - Jack F. Heneghan and Michael C. Herron.pdf,Relative age effects in American professional football,2019,NFL,5,4,7,16,public,no,"Finds birth-month relative age effects among 18,898 football players but no draft selection inefficiency, unlike hockey."
curated,2019 Using Deep Learning to Understand Patterns of Player Movement in the NBA.pdf,Using Deep Learning to Understand Patterns of Player Movement in the NBA,2019,NBA,7,6,3,16,proprietary,no,Unsupervised deep trajectory embeddings from SportVU enable a Similar Possessions Finder querying millions of offensive player movements.
curated,"2019 Using In-Game Shot Trajectories to Better Understand Defensive Impact in the NBA - Daly Grafstein, Bornn.pdf",Using In-Game Shot Trajectories to Better Understand Defensive Impact in the NBA,2019,NBA,7,6,3,16,proprietary,no,Analyzes 50k+ shot trajectories to explain why contested jumpers miss and build more stable perimeter-defender and shooter-resilience metrics.
curated,2019 Using In-Game Shot Trajectories to Better Understand Defensive Impact in the NBA.pdf,Using In-Game Shot Trajectories to Better Understand Defensive Impact in the NBA,2019,NBA,7,6,3,16,proprietary,no,Duplicate of Daly-Grafstein & Bornn: shot-trajectory analysis of contested shots to build stable perimeter-defense metrics.
curated,2020 A No-Tanking Draft Allocation Policy.pdf,A No-Tanking Draft Allocation Policy,2020,NBA,7,6,8,21,public,yes,"Mechanism-design draft-allocation policy that removes tanking incentives while still favoring weak teams, applied to NBA."
curated,"2020 A football player rating system - Stephan Wolf, Maximilian Schmitt and Bjorn Schuller.pdf",A football player rating system,2020,soccer,5,6,6,17,public,no,"Extends the Elo algorithm to team-sport soccer to rate 12,400 players from match reports across 16 leagues, needing only the report."
curated,2020 Baller2vec.pdf,baller2vec: A Multi-Entity Transformer for Multi-Agent Spatiotemporal Modeling,2020,NBA,8,5,6,19,mixed,yes,"Multi-entity Transformer jointly forecasts all players' and the ball's trajectories, learning player embeddings without imposing agent ordering."
curated,2020 Continuous-time state-space modelling of the hot hand in basketball.pdf,Continuous-time state-space modelling of the hot hand in basketball,2020,NBA,6,4,7,17,public,no,Ornstein-Uhlenbeck continuous-time state-space model on 110k free throws finds small but real hot-hand serial dependence.
curated,"2020 Dynamically scheduling NFL games to reduce strength of schedule variability - Elizabeth L. Bouzarth, Andrew W. Cromer, William J. Fravel, Benjamin C. Grannan and Kevin R. Hutson.pdf",Dynamically scheduling NFL games to reduce strength of schedule variability,2020,NFL,5,5,6,16,public,no,Optimization approach that dynamically schedules some NFL games to reduce strength-of-schedule variability and improve fairness.
curated,2020 Extracting Player Tracking Data from Video Using Non-Stationary Cameras and a Combination of Computer Vision Techniques.pdf,Extracting Player Tracking Data from Video Using Non-Stationary Cameras and Computer Vision Techniques,2020,basketball,7,6,4,17,mixed,no,Combines open-source pose estimation and template matching to extract player tracking from single broadcast cameras at 94.5% foot-accuracy.
curated,2020 Forecasting college football game outcomes using modern modeling techniques - Charles South and Edward Egros.pdf,Forecasting college football game outcomes using modern modeling techniques,2020,college football,4,6,6,16,public,no,"Bakeoff of ML methods (lasso, GBM, RF, NN, Bayesian) for CFB win prediction; lasso most accurate at ~70% on 2015 test data."
curated,2020 Harris-SwingShiftCompressed.pdf,Swing Shift: A Mathematical Approach to Defensive Positioning in Baseball,2020,MLB,6,7,5,18,public,no,"Optimizes full-field fielder positioning per batter, showing a three-infielder alignment lowers predicted BABIP by ~6-10%."
curated,2020 Identifying group contributions in NBA lineups with spectral analysis - Stephen Devlin and David Uminsky.pdf,Identifying group contributions in NBA lineups with spectral analysis,2020,NBA,7,6,6,19,public,no,Uses spectral analysis/representation theory to orthogonally decompose team success into pure contributions of player groups by size.
curated,2020 Learning Feature Representations from Football Tracking.pdf,Learning Feature Representations from Football Tracking,2020,soccer,6,5,3,14,proprietary,no,"Neural framework learns representations from raw tracking trajectories, handling variable duration and player-ordering without hand features."
curated,2020 Modeling Player and Team Performance in Basketball.pdf,Modeling Player and Team Performance in Basketball,2020,NBA/basketball,4,6,5,15,mixed,no,"Review of basketball analytics methods for team strategy and player evaluation, shot modeling, production curves, calling for causal inference."
curated,"2020 Nuclear penalized multiomial regression with an application to prediction at bat outcomes in baseball - Powers, Tibshirani, Hastie.pdf",Nuclear penalized multinomial regression with an application to predicting at bat outcomes in baseball,2017,MLB,8,6,6,20,public,unknown,Novel nuclear-norm penalty for multinomial regression predicting plate-appearance outcome probabilities from batter-pitcher matchups.
curated,"2020 Predicting plays in the National Football League - Craig Joash Fernandes, Ronen Yakubov, Yuze Li, Amrit Kumar Prasad and Timothy C.Y. Chan.pdf",Predicting plays in the National Football League,2020,NFL,4,7,7,18,public,no,"Interpretable decision-tree models predict pass vs rush, memorizable for in-game sideline use, plus team-specific trees."
curated,"2020 The Hot Hand and Its Effect on the NBA - Brian McNair,Eric Margolin, Michael Law, Ya'acov Ritov.pdf",The Hot Hand and Its Effect on the NBA,2020,NBA,4,3,6,13,public,unknown,"Revisits hot-hand with modern NBA data; finds no game-play effect, weak free-throw evidence, behavioral changes."
curated,"2020 The Hot Hand in Actual Game Situations - KPelechrinis, Wayne Winston .pdf",The Hot Hand in Actual Game Situations,2020,NBA,5,3,4,12,proprietary,unknown,Permutation test with shot-difficulty model examines hot hand in live NBA games controlling for shot quality.
curated,2020 The year-two effect - Evidence and antecedents for second season success in NCAA division I football - N. David Pifer and Matt R. Huml.pdf,The year-two effect: Evidence and antecedents for second season success in NCAA Division I football,2020,NCAA Football,4,5,6,15,public,no,"Fixed-effects panel regression tests the media 'year-two effect' for new coaches; finds support, especially post-firing."
curated,"2020 Unsupervised Methods for Identifying Pass Coverage Among Defensive Backs with NFL Player Tracking Data - Dutta, Yurko, Ventura.pdf",Unsupervised Methods for Identifying Pass Coverage Among Defensive Backs with NFL Player Tracking Data,2020,NFL,7,7,6,20,public,unknown,Unsupervised mixture models label cornerback man vs zone coverage from NFL tracking with no training labels.
curated,"2021 Application of PageRank Algorithm to Division I NCAA men's basketball as bracket formation and outcome predictive utility - Nicole R. Matthews, Andrew McClain, Chase M.L. Smith and Adam G. Tennant.pdf",Application of PageRank Algorithm to Division I NCAA men's basketball,2021,NCAA Basketball,3,4,6,13,public,no,Applies PageRank to season game graph for tournament team selection and bracket prediction.
curated,"2021 Classification of all-rounders in limited over cricket - a machine learning approach - Ananda B. W. Manage, Ram C. Kafle and Danush K. Wijekularathna.pdf",Classification of all-rounders in limited over cricket - a machine learning approach,2020,Cricket,3,5,6,14,public,no,Compares six classifiers to categorize cricket all-rounders as batting vs bowling from performance stats.
curated,2021 College Basketball Rating (CBR) - A new body-of-work metric for NCAA tournament selection - Justin Stocks-Smith.pdf,College Basketball Rating (CBR): A new body-of-work metric for NCAA tournament selection,2021,NCAA Basketball,4,6,7,17,public,no,Transparent box-score logistic 'game score' metric compares team resumes for NCAA at-large selection.
curated,"2021 Evaluating one-shot tournament predictions - Claus Thorn Ekstrøm, Hans Van Eetvelde, Christophe Ley and Ulf Brefeld.pdf",Evaluating one-shot tournament predictions,2021,Multi (soccer),7,5,8,20,public,yes,Introduces Tournament Rank Probability Score for evaluating pre-tournament predictions plus ensemble weighting.
curated,"2021 Home sweet home - Quantifying home court advantages for NCAA basketball statistics - Matthew van Bommel, Luke Bornn, Peter Chow-White and Chuancong Gao.pdf",Home sweet home: Quantifying home court advantages for NCAA basketball statistics,2021,NCAA Basketball,5,4,6,15,public,unknown,"Uses neutral-site games across 100k+ NCAA games to quantify home-court box-score, scorekeeper and referee biases."
curated,2021 Predicting NBA Talent from Enormous Amounts of College Basketball Tracking Data.pdf,Predicting NBA Talent from Enormous Amounts of College Basketball Tracking Data,2021,NBA/NCAA Basketball,8,8,2,18,proprietary,no,Stats Perform generates college tracking from broadcast video at scale to predict NBA draft-prospect potential.
curated,2022 Using Hex Maps to Classify  Cluster Dribble Hand-off Variants in the NBA 2.pdf,Using Hex Maps to Classify & Cluster Dribble Hand-off Variants in the NBA,2022,NBA,6,5,3,14,proprietary,no,Pipeline detects and clusters dribble hand-off variants using hexbin trajectory encodings on player tracking data.
curated,2023 Analytics have some humility a statistical view of fourth-down decision making - Brill.pdf,"Analytics, have some humility: a statistical view of fourth-down decision making",2023,NFL,8,7,8,23,public,yes,Catalytic-prior tree ML framework corrects selection bias/overfitting in EP/WP; fewer fourth downs are obvious.
curated,"2023 Machine learning for sports betting should forecasting models be optimised for accuracy or calibration - Walsh, Joshi.pdf",Machine learning for sports betting: should forecasting models be optimised for accuracy or calibration?,2023,NBA,6,8,6,20,public,unknown,"Shows optimizing NBA forecasting models for calibration, not accuracy, yields far greater betting ROI."
curated,2024 Approaching In-Venue Quality Tracking from Broadcast Video using Generative AI.pdf,Approaching In-Venue Quality Tracking from Broadcast Video using Generative AI,2024,Soccer,8,7,2,17,proprietary,no,Generative AI imputes occluded players to lift broadcast soccer tracking toward in-venue completeness.
curated,"2024 Estimating NBA Team Shot Selection Efficiency from Aggregations of True, Continuous Shot Charts - A Generalized Additive Model Approach.pdf","Estimating NBA Team Shot Selection Efficiency from Aggregations of True, Continuous Shot Charts: A GAM Approach",2024,NBA,6,6,8,20,public,yes,GAM continuous shot charts incorporate shot-pursuant free throws for true point-yield shot selection efficiency.
curated,2024 Estimating NBA Team Shot Selection Efficiency from Aggregations of....pdf,"Estimating NBA Team Shot Selection Efficiency from Aggregations of True, Continuous Shot Charts: A GAM Approach (duplicate)",2024,NBA,6,6,8,20,public,yes,Duplicate of #140: GAM continuous 'true' shot charts accounting for free-throw yield to assess shot efficiency.
curated,2024 Feeling the Pressure - A Unified Framework for Automating Pass Rushing Statistics in NFL Games.pdf,Feeling the Pressure: A Unified Framework for Automating Pass Rushing Statistics in NFL Games,2024,NFL,7,7,4,18,mixed,no,GNN/AutoGluon framework identifies blocker-rusher matchups and estimates continuous pass-rush pressure scores.
curated,2024 How to Predict the Performance of NBA Draft Prospects.pdf,How to Predict the Performance of NBA Draft Prospects,2024,NBA,6,7,5,18,public,no,Relevance-based (Mahalanobis) prediction forecasts rookie VORP/minutes with per-prediction reliability measure.
curated,2024 Player Pressure Map - A Novel Representation of Pressure in Soccer.pdf,Player Pressure Map: A Novel Representation of Pressure in Soccer,2024,Soccer,7,6,3,16,proprietary,no,Graph pressure map with 3D body-pose fed to a GNN predicts possession loss as a pressure measure.
curated,2024 Using Tracking Data to Build Offensive Line Development Tools.pdf,Using Tracking Data to Build Offensive Line Development Tools,2024,NFL,6,7,5,18,mixed,no,Functional clustering of O-line pass-set paths from tracking builds stable player development/evaluation tools.
curated,CRICTRS - Embedding Based Statistical and Semi-Supervised Cricket Team Recommendation System.pdf,CRICTRS: Embeddings Based Statistical and Semi-Supervised Cricket Team Recommendation System,2020,Cricket,5,6,6,17,public,unknown,Opposition-adjusted player quality index builds embeddings for a semi-supervised cricket team recommender.
curated,Estimating locomotor demands during team play from broadcast-derived tracking data.pdf,Estimating locomotor demands during team play from broadcast-derived tracking data,2020,Soccer,7,6,3,16,proprietary,unknown,Models predict off-screen external load metrics so broadcast-derived soccer tracking can estimate locomotor demands.
curated,Evaluating NFL Plays - Expected Points Adjusted for Schedule - Pelechrinis_Kosta_mlsa18.pdf,Evaluating NFL plays: Expected points adjusted for schedule,2018,NFL,6,6,6,18,public,no,"Optimization framework adjusts expected-points play values for opponent offensive/defensive strength, including special teams."
curated,Factorized Point Process Intensities - A Spatial Analysis of Professional Basketball.pdf,Factorized Point Process Intensities: A Spatial Analysis of Professional Basketball,2014,NBA,8,6,6,20,public,unknown,Foundational NMF of Poisson-process shot intensity surfaces yields interpretable low-rank NBA player shooting types.
curated,Foul Accumulation in the NBA.pdf,Foul Accumulation in the NBA,2020,NBA,5,5,6,16,public,unknown,"SFU MSc thesis (Chu, supervisor Swartz) analyzing foul accumulation and its effect on NBA player usage/substitution."
curated,Going Deep - Models for Continuous Time Within Play Valuation of Game Outcomes in American Football with Tracking Data.pdf,Going Deep: Models for Continuous-Time Within-Play Valuation of Game Outcomes in American Football with Tracking Data,2019,NFL,8,7,4,19,mixed,unknown,Modular LSTM ball-carrier model enables continuous-time within-play EP/WP valuation from NFL tracking data.
curated,Identifying group contributions in NBA lineups with spectral analysis.pdf,Identifying group contributions in NBA lineups with spectral analysis,2020,NBA,7,5,6,18,public,unknown,"Spectral (algebraic signal processing) decomposition isolates pure individual, pair, triple lineup contributions to success."
curated,Interception The Secrets Of Modern Sports Betting.pdf,Interception: The Secrets of Modern Sports Betting,,Multi (betting),4,7,2,13,none,no,Popular trade book explaining modern sports betting market dynamics and edge-finding for bettors.
curated,Lan2020_Article_Semi-onlineMulti-peopleTrackin.pdf,Semi-online Multi-people Tracking by Re-identification,2020,N/A (computer vision),7,4,5,16,public,unknown,MRF-based semi-online multi-people tracker casts tracking as re-identification; strong on MOT benchmarks.
curated,Measuring Spatial Allocative Efficiency in Basketball.pdf,Measuring Spatial Allocative Efficiency in Basketball,2020,NBA,8,7,6,21,public,unknown,Bayesian hierarchical spatial FG% model detects lineup shot-allocation inefficiency relative to teammates by court region.
curated,Model Trees for Identifying Exceptional Players in the NHL Draft.pdf,Model Trees for Identifying Exceptional Players in the NHL Draft,2018,NHL,7,6,6,19,public,no,"Logistic-regression model trees rank NHL draft prospects from public junior-league data, blending regression and cohort approaches interpretably."
curated,"Modeling Player and Team Performance in Basketball - Terner, Franks.pdf",Modeling Player and Team Performance in Basketball,2020,NBA/basketball,4,6,6,16,mixed,no,"Review surveying statistical methods for basketball team/player evaluation, shot modeling, and production curves; calls for causal inference."
curated,Player Availability Rating (PAR) - A Tool for Quantifying Skater Performance for NHL General Managers.pdf,Player Availability Rating (PAR): Quantifying Skater Performance for NHL GMs,2018,NHL,4,5,6,15,public,no,"Regression/neural-net predicts skater points-per-game, then an ad-hoc PAR formula flags trade-available underperformers for GMs."
curated,Positional Value in Soccer Expected League Points Added above Replacement.pdf,Positional Value in Soccer: Expected League Points Added above Replacement,2018,Soccer,7,7,6,20,public,no,"Skellam regression on FIFA ratings across 20k games yields eLPAR positional value, showing defenders undervalued by market."
curated,Predicting play calls in the National Football League using hidden Markov models.pdf,Predicting Play Calls in the NFL Using Hidden Markov Models,2020,NFL,6,6,7,19,public,no,"HMM on Kaggle play-by-play predicts run/pass with 71.5% accuracy, beating prior play-call studies by modeling time-series structure."
curated,Projection Predictive Inference for Generalized Linear and Additive Multilevel Models.pdf,Projection Predictive Inference for Generalized Linear and Additive Multilevel Models,2020,none/general,7,3,8,18,none,yes,Bayesian methodology paper extending projection-predictive variable selection to GLMMs/GAMMs; not sports research.
curated,Random Walk Picture of Basketball Scoring.pdf,Random Walk Picture of Basketball Scoring,2012,NBA/basketball,7,3,7,17,public,no,"Models NBA scoring as anti-persistent continuous-time random walk, reproducing lead changes, score-difference, and win/loss distributions."
curated,Rao-Blackwellizing Field Goal Percentage.pdf,Rao-Blackwellizing Field Goal Percentage,2018,NBA/basketball,7,6,3,16,proprietary,no,"Conditions shot-make probability on optical trajectory (entry angle, depth, accuracy) to produce lower-variance RB-FG% via Rao-Blackwell."
curated,Route Identification in the National Football League.pdf,Route Identification in the National Football League,2019,NFL,7,7,7,21,public,no,Model-based curve clustering with Bezier bases and EM labels NFL receiver routes from Big Data Bowl tracking data.
curated,SEAM methodology for context-rich player matchup evaluations.pdf,SEAM: Synthetic Estimated Average Matchup for Player Matchups,2020,MLB,7,7,7,21,public,yes,Estimates batter-vs-pitcher spray-chart distributions with synthetic players to fix small samples; ships public Shiny app.
curated,TR_2008_07.pdf,Introduction to Sabermetrics: Predicting Wins and Championships,2008,MLB,3,4,6,13,public,no,Undergraduate sabermetrics report using linear/nonlinear regression and simulation to predict MLB wins and championships.
curated,The_Logic_Of_Sports_Betting.pdf,The Logic of Sports Betting,2019,multi/betting,5,8,2,15,none,no,"Practitioner book explaining how sports-betting markets work: lines, closing value, middling, arbitrage, and bettor edge."
curated,Track Anything - Segment Anything Meets Videos.pdf,Track Anything: Segment Anything Meets Videos,2023,none/general,7,5,8,20,public,yes,Interactive video object tracking/segmentation combining SAM and XMem; a general CV tool adaptable to sports video.
curated,[15590410 - Journal of Quantitative Analysis in Sports] A generative model for predicting outcomes in college basketball.pdf,A Generative Model for Predicting Outcomes in College Basketball,2015,NCAA basketball,7,6,6,19,public,no,"Poisson-factorization soccer-style model with conference/team attack-defense vectors predicts NCAA tournament, beating betting houses via Kelly."
curated,[15590410 - Journal of Quantitative Analysis in Sports] An analytical approach for fantasy football draft and lineup management.pdf,An Analytical Approach for Fantasy Football Draft and Lineup Management,2016,NFL/fantasy,6,7,5,18,public,no,"Mixed-integer optimization for full-season fantasy football draft plus weekly lineup, paired with opponent-context player projections."
curated,[15590410 - Journal of Quantitative Analysis in Sports] Decomposing Pythagoras.pdf,Decomposing Pythagoras,2017,multi (MLB/NBA/NFL/NHL),7,4,8,19,public,no,Derives exact team win-percentage model and decomposes Pythagorean exponent into points-per-game and margin-of-victory across sports.
curated,[15590410 - Journal of Quantitative Analysis in Sports] Estimating an NBA player's impact on his team's chances of winning.pdf,Estimating an NBA Player's Impact on His Team's Chances of Winning,2016,NBA,7,7,6,20,public,no,Bayesian regularized regression on win-probability changes per shift yields context-aware adjusted plus-minus player rankings.
curated,[15590410 - Journal of Quantitative Analysis in Sports] Identifying NCAA tournament upsets using Balance Optimization Subset Selection.pdf,Identifying NCAA Tournament Upsets Using Balance Optimization Subset Selection,2017,NCAA basketball,6,6,7,19,public,no,"BOSS matches current first-round games to historical upset profiles using few public stats, doubling random-selection upset accuracy."
curated,[15590410 - Journal of Quantitative Analysis in Sports] Meta-analytics_ tools for understanding the statistical properties of sports metrics.pdf,Meta-analytics: Tools for Understanding the Statistical Properties of Sports Metrics,2016,NBA/NHL,8,6,6,20,mixed,no,"Introduces discrimination/stability/independence meta-metrics to evaluate which player metrics carry reliable, unique signal."
curated,[15590410 - Journal of Quantitative Analysis in Sports] Modified Kelly criteria.pdf,Modified Kelly Criteria,2018,multi/betting,6,7,8,21,none,yes,"Decision-theoretic modification of Kelly betting fraction accounting for uncertainty in win probability; yields smaller, principled bets."
curated,[15590410 - Journal of Quantitative Analysis in Sports] The implied volatility of a sports game.pdf,The Implied Volatility of a Sports Game,2015,multi/betting,7,6,7,20,public,no,"Extends Stern's Brownian-motion score model to back out market-implied game volatility from spread and moneyline, identifying bets."
curated,"nflWAR- A Reproducible Method for Offensive Player Evaluation in Football (Extended Edition) - Ron Yurko, Sam Ventura, Maksim Horowitz.pdf",nflWAR: A Reproducible Method for Offensive Player Evaluation in Football,2018,NFL,8,8,9,25,public,yes,"Foundational open NFL framework: nflscrapR data, multinomial EP, GAM win probability, and multilevel WAR for offensive players."
curated,Soccer/2012 Multi-Agent Team Behavior from Partial Team Tracings.pdf,Characterizing Multi-Agent Team Behavior from Partial Team Tracings (EPL),2012,Soccer,7,5,3,15,proprietary,no,Represents EPL team behavior as ball-movement play-segments and entropy maps to characterize tactical predictability without a plan library.
curated,Soccer/2015 Improving Shot Prediction in Soccer.pdf,Quality vs Quantity: Improved Shot Prediction in Soccer Using Strategic Features,2015,Soccer,7,7,2,16,proprietary,no,"CRF on ten-second pre-shot tracking windows with strategic features (defender proximity, game phase) estimates shot quality across ~10k shots."
curated,Soccer/2016 Optimal Defensive Disruption Soccer.pdf,The Pressing Game: Optimal Defensive Disruption in Soccer,2016,Soccer,7,6,3,16,proprietary,no,Spatial GLM with Gaussian process yields team-specific disruption/control surfaces distinguishing pressing styles from EPL event data.
curated,Soccer/2017 Passing Behavior Flow Motifs.pdf,Flow Motifs in Soccer: What Can Passing Behavior Tell Us?,2017,Soccer,7,6,3,16,proprietary,no,Passing-network flow motifs plus coordinate xG characterize player/team styles across six leagues to inform transfers and tactics.
curated,Pythagorean Win Expectancy and Weibull/VictorLuo steven miller understudy.pdf,Relieving and Readjusting Pythagoras: Improving the Pythagorean Formula,2014,MLB,5,4,7,16,public,yes,Undergraduate thesis adjusting Pythagorean expectation for ballpark/game-state and testing linear combinations of Weibulls for run production.
curated,Pythagorean Win Expectancy and Weibull/pyth win steven j miller 2.pdf,A Derivation of the Pythagorean Won-Loss Formula in Baseball,2006,MLB,8,4,8,20,public,no,Foundational theoretical derivation of the Pythagorean formula by modeling runs scored/allowed as independent Weibull random variables.
curated,Pythagorean Win Expectancy and Weibull/pyth win steven j miller.pdf,A Derivation of the Pythagorean Won-Loss Formula in Baseball,2006,MLB,8,4,8,20,public,no,"Foundational Weibull-based derivation of Bill James' Pythagorean formula, recovering gamma near 1.79 from the 2004 AL season."
curated,Pythagorean Win Expectancy and Weibull/pyth win utility morey model UL.pdf,Testing the Utility of the Pythagorean Expectation Formula on Division One College Football,2013,NCAA football,4,5,7,16,public,no,Applies original Pythagorean exponent-2 vs Morey's 2.37 to 2005-2011 Division I football via residual analysis for coaching decisions.
curated,Pythagorean Win Expectancy and Weibull/weibull handbook.pdf,The New Weibull Handbook (Abernethy),,none,3,2,5,10,none,no,"General reliability-engineering reference on Weibull/life-data failure analysis; not sports research, included only as Weibull background."
randoms,randoms/A_Decade_of_Euroleague_Basketball_an_Ana.pdf,A Decade of Euroleague Basketball,2013,basketball,5,5,6,16,public,,Box-score trends across 10 Euroleague seasons and effects of FIBA rule changes.
randoms,randoms/A_Journey_Across_Football_Modelling_with.pdf,A Journey Across Football Modelling with Application to Algorithmic Trading,2016,soccer,6,6,4,16,mixed,,PhD thesis on soccer match modelling applied to betting/algorithmic trading.
randoms,randoms/A_Review_of_Data_Mining_Techniques_for_R.pdf,A Review of Data Mining Techniques for Result Prediction in Sports,,general,3,3,4,10,none,,Survey of data-mining methods for sports result prediction.
randoms,randoms/Adjusted_Plus_Minus_for_NHL_Players_usin.pdf,Adjusted Plus-Minus for NHL Players using Ridge Regression,2012,hockey,7,7,6,20,public,,Ridge-regression adjusted plus-minus for NHL using shot-based metrics to shrink error bounds.
randoms,randoms/An_Analysis_of_Defensive_Strategies_Used.pdf,An Analysis of Defensive Strategies Used by Home and Away Basketball Teams,2010,basketball,4,4,4,12,proprietary,,Observational study of home/away defensive strategy in 10 Spanish-league games.
randoms,randoms/An_Analysis_of_Factors_Contributing_to_W.pdf,An Analysis of Factors Contributing to Wins in the NHL,2014,hockey,5,6,6,17,public,,Discriminant and logistic models identifying NHL playoff and game-win predictors.
randoms,randoms/An_Improved_Adjusted_Plus_Minus_Statisti (1).pdf,An Improved Adjusted Plus-Minus Statistic for NHL Players,2011,hockey,7,7,6,20,public,,"WLS adjusted plus-minus adding power-play, shorthanded, and faceoff-zone effects."
randoms,randoms/Appliance_of_Neural_Networks_in_Basketba.pdf,Appliance of Neural Networks in Basketball Scouting,2010,basketball,4,4,4,12,proprietary,,Feedforward neural nets on five Serbian-league seasons for basketball scouting.
randoms,randoms/Application_of_Machine_Learning_Algorith.pdf,Application of ML Algorithms for Classification of Football Problems,,soccer,4,4,5,13,public,,Compares KNN/SVM/DT/LR to predict both-teams-score in Portuguese Liga NOS.
randoms,randoms/Archetypoid_Analysis_for_Sports_Analytic.pdf,Archetypoid Analysis for Sports Analytics,,multi,7,5,5,17,public,,Extends archetypoid analysis to sparse functional and asymmetric sports data for player profiling.
randoms,randoms/Artificial_Intelligence_in_Sports_Predic.pdf,Artificial Intelligence in Sports Prediction,,multi,4,5,4,13,public,,"Multi-layer perceptron predicting match outcomes, benchmarked against human tipsters."
randoms,randoms/Assessing_the_Burdens_of_Leadership_Effe.pdf,Assessing the Burdens of Leadership,2004,hockey,5,3,5,13,public,,Growth modeling of NHL captaincy's effect on player performance over time.
randoms,randoms/Attacking_game_patterns_in_Soccer_A_sequ.pdf,Attacking Game-Patterns in Soccer: 2010 World Cup Winner,2011,soccer,4,4,3,11,proprietary,,Sequential analysis of Spain's attacking patterns at 2010 World Cup.
randoms,randoms/Automated_Assistants_for_Analyzing_Team.pdf,Automated Assistants for Analyzing Team Behaviors,,general,6,4,4,14,none,,Multi-agent teamwork analysis tools using RoboCup soccer as testbed.
randoms,randoms/B04124012020.pdf,An Improved Prediction System for Football Match Result,2014,soccer,3,4,4,11,public,,KDD-based football match predictor using nine outcome-affecting features.
randoms,randoms/Ball_possession_effectiveness_in_mens_an.pdf,Ball Possession Effectiveness in Men's and Women's Elite Basketball,2013,basketball,4,5,5,14,proprietary,,Possession-effectiveness differences by sex and situational variables.
randoms,randoms/Basketball_Teams_as_Strategic_Networks.pdf,Basketball Teams as Strategic Networks,2012,basketball,7,5,6,18,public,,"Network analysis of NBA playoff ball movement using centrality, entropy, flow metrics."
randoms,randoms/Beliefs_about_the_hot_hand_in_basketball.pdf,Beliefs About the Hot Hand in Basketball Across the Adult Life Span,,basketball,4,2,4,10,none,,Psychology study of how age affects belief in the basketball hot hand.
randoms,randoms/Brief_exploration_of_short_and_mid_term.pdf,Short and Mid-Term Timeout Effects on Basketball Scoring,2013,basketball,5,6,5,16,public,,Analyzes timeout effects on subsequent scoring by situational variables.
randoms,randoms/CHARACTERIZING_THE_SPATIAL_STRUCTURE_OF.pdf,Characterizing the Spatial Structure of Defensive Skill in Professional Basketball,2015,basketball,9,7,4,20,proprietary,,"Landmark spatial model of NBA defense from optical tracking; counterpoints, shot suppression."
randoms,randoms/Conway_S_and_Ouellette_M_2019_Playing_it.pdf,Playing It Cool? McLuhan's Hot and Cool Media Applied to Digital Games,2019,none,3,1,2,6,none,,Media-theory essay applying McLuhan to video games; not sports analytics.
randoms,randoms/Cricket_Analytics_and_Predictor.pdf,Cricket Analytics and Predictor,,cricket,2,3,3,8,public,,Undergraduate student project building a cricket analytics/prediction app.
randoms,randoms/DRAFTING_AGENT_BASED_MODELING_INTO_BASKE.pdf,Drafting Agent-Based Modeling into Basketball Analytics,2019,basketball,6,4,4,14,public,,Agent-based simulation of NBA games testing hot-hand and franchise-player beliefs.
randoms,randoms/Data_Mining_in_Elite_Sports_A_Review_and.pdf,Data Analysis and Mining Demands in Elite Sports,,general,3,3,3,9,none,,Review of data-analysis and mining demands in elite sport.
randoms,randoms/Data_Mining_in_Sports_A_Research_Overvie.pdf,Data Mining in Sports: A Research Overview,2006,general,3,3,3,9,none,,Masters-project survey overview of sports data mining.
randoms,randoms/Depth_of_Player_Rotation_on_Game_Perform.pdf,Depth of Player Rotation on Game Performance in NCAA Men's Basketball,,basketball,5,6,6,17,public,,"Rotation depth's effect on winning across 7,154 NCAA D-I team performances."
randoms,randoms/Detecting_and_classifying_moments_in_bas.pdf,Detecting and Classifying Moments in Basketball Matches,,basketball,6,5,4,15,proprietary,,Tracking-data method to detect and classify basketball game moments.
randoms,randoms/Effect_of_Defensive_Pressure_on_Movement.pdf,Effect of Defensive Pressure on Movement Behaviour During an Under-18 Game,2014,basketball,5,4,4,13,proprietary,,Dynamical-systems study of defensive pressure on team centroid/movement.
randoms,randoms/Effects_of_game_location_and_final_outco.pdf,Effects of Game Location and Final Outcome on Zonal Football Statistics,2012,soccer,4,4,4,12,proprietary,,Home/away and outcome effects on soccer stats by pitch zone.
randoms,randoms/Effects_of_season_period_team_quality_an.pdf,"Effects of Season Period, Team Quality, and Playing Time on Player Stats",2010,basketball,4,5,5,14,public,,"How season period, team quality, and minutes affect player box-score stats."
randoms,randoms/English_Slovak_basketball_dictionary.pdf,English-Slovak Basketball Dictionary,2005,basketball,1,1,1,3,none,,Bilingual basketball terminology dictionary; not research.
randoms,randoms/Estimation_of_NBA_players_offense_defens.pdf,Estimation of NBA Players' Offense/Defense Ratings through Shrinkage,2014,basketball,6,6,6,18,public,,Honors thesis applying shrinkage estimation to NBA player offense/defense ratings.
randoms,randoms/Evaluating_NHL_Goalies_Skaters_and_Teams.pdf,"Evaluating NHL Goalies, Skaters, and Teams Using Weighted Shots",,hockey,7,7,6,20,public,,Logistic shot-quality model yielding weighted-shots metric and adjusted plus-minus for NHL.
randoms,randoms/Explanations_for_the_United_States_of_Am.pdf,Explanations for USA's Basketball Dominance at Beijing 2008,2010,basketball,3,3,4,10,public,,Descriptive analysis of why USA dominated 2008 Olympic basketball.
randoms,randoms/Exploiting_Early_Intent_Recognition_for.pdf,Exploiting Early Intent Recognition for Competitive Advantage,,football,7,4,4,15,none,,SVMs recognize football plays early in Rush 2008 simulator to switch offensive plays.
randoms,randoms/Exploring_collective_spatial_distributio.pdf,Exploring Collective Spatial Distribution in Basketball,2015,basketball,4,3,3,10,proprietary,,Small study of collective spatial distribution dynamics in basketball.
randoms,randoms/FILTERING_PROCEDURES_FOR_SENSOR_DATA_IN.pdf,Filtering Procedures for Sensor Data in Basketball,2017,basketball,6,6,4,16,proprietary,,Algorithm to clean player-trajectory sensor data and label offensive/defensive actions.
randoms,randoms/Fighting_as_a_Profit_Maximizing_Strategy.pdf,Fighting as a Profit-Maximizing Strategy: the AHL,,hockey,5,4,5,14,public,,Sports-economics analysis of whether AHL fighting boosts attendance and profit.
randoms,randoms/Forecasting_basketball_players_performan.pdf,Forecasting Basketball Players' Performance Using Sparse Functional Data,,basketball,7,5,5,17,public,,Sparse functional-data and archetypoid methods to forecast player performance with intervals.
randoms,randoms/From_Players_to_Teams_Towards_a_Multi_Le.pdf,From Players to Teams: Multi-Level Game Constraints in Team Sports,2014,general,4,3,3,10,none,,Conceptual multi-level framework for game constraints in team sports.
randoms,randoms/Game_Location_Influences_Basketball_Play.pdf,Game Location Influences Basketball Players' Performance by Position,,basketball,4,4,5,13,public,,Home-advantage effects on player box-score stats by position.
randoms,randoms/Gaze_Behaviours_of_Elite_Ice_Hockey_Play.pdf,Gaze Behaviours of Elite Ice Hockey Players: A Pilot Study,2001,hockey,4,3,3,10,proprietary,,Pilot eye-tracking study of expert hockey players' gaze during tactical plays.
randoms,randoms/Gaze_characteristics_of_elite_and_near_e.pdf,Gaze Characteristics of Elite and Near-Elite Hockey Players,2004,hockey,4,3,3,10,proprietary,,Vision-in-action gaze comparison of elite vs near-elite hockey players.
randoms,randoms/Hitting_Is_Contagious_in_Baseball_Evidence.pdf,Hitting Is Contagious in Baseball,,baseball,5,3,6,14,public,,Bootstrap analysis of whether a hot hitter lifts teammates during hitting streaks.
randoms,randoms/Identifying_basketball_performance_indic.pdf,Identifying Basketball Performance Indicators in Regular Season and Playoffs,2013,basketball,4,5,5,14,public,,Discriminant analysis of win/loss indicators across ACB regular season vs playoffs.
randoms,randoms/Knowledge_flow_from_the_top_the_importan.pdf,Knowledge Flow from the Top: Teamwork Structure in Team Sports,2014,multi,4,3,2,9,proprietary,,Qualitative case studies of coach-to-player knowledge flow in NCAA football and hockey.
randoms,randoms/Large_data_and_Bayesian_modeling_aging_c.pdf,Large Data and Bayesian Modeling: Aging Curves of NBA Players,2019,basketball,7,6,6,19,public,,Bayesian structural model extracting development/aging latent factors from NBA career data.
randoms,randoms/Latent_Structure_of_Situational_Efficien.pdf,Latent Structure of Situational Efficiency Parameters in Croatian Basketball,2012,basketball,3,3,4,10,proprietary,,Factor analysis of situational efficiency indicators in Croatian basketball.
randoms,randoms/Measuring_sport_performances_under_press.pdf,Measuring Sport Performances Under Pressure by Classification Trees,2019,basketball,6,6,5,17,mixed,,Classification trees quantifying pressure effects on basketball free-throw/shooting.
randoms,randoms/Modelling_the_dynamic_pattern_of_surface.pdf,Modelling the Dynamic Pattern of Surface Area in Basketball,2018,basketball,7,5,4,16,proprietary,,Markov-switching model of five-player surface-area dynamics and effect on scoring.
randoms,randoms/Neural_Network_Modelling_and_Dynamical_S.pdf,Neural Network Modelling and Dynamical System Theory in Football,,soccer,4,3,3,10,none,,Review of neural-network and dynamical-systems approaches to soccer player dynamics.
randoms,randoms/Opponent_modeling_and_spatial_similarity.pdf,Opponent Modeling and Spatial Similarity to Retrieve Superior Plays,,football,6,4,4,14,none,,Online opponent modeling and play retrieval in the Rush 2008 football simulator.
randoms,randoms/Overtime_Rules_and_Incentives_in_the_Nat.pdf,Overtime! Rules and Incentives in the National Hockey League,2005,hockey,6,5,6,17,public,,Sports-economics study of how NHL overtime/point rules shape team incentives.
randoms,randoms/Performance_analysis_of_game_dynamics_du.pdf,Performance Analysis of Game Dynamics During 4th Quarter of NBA Close Games,,basketball,4,5,4,13,proprietary,,Discriminates home/away play in 48 close NBA fourth quarters by tactical variables.
randoms,randoms/Predicting_college_basketball_match_outc.pdf,Predicting NCAAB Match Outcomes Using ML Techniques,2013,basketball,5,5,6,16,public,,Evaluates ML classifiers on NCAAB prediction; features matter more than models.
randoms,randoms/Predicting_run_production_and_run_preven.pdf,Predicting Run Production and Run Prevention in Baseball,2012,baseball,4,6,6,16,public,,Regression models linking sabermetric inputs to run production and prevention.
randoms,randoms/Prediction_of_athletes_performance_using.pdf,Prediction of Athletes' Performance Using Neural Networks: Cricket,,cricket,5,5,5,15,public,,Neural nets rating cricketers into performer/moderate/failure for team selection.
randoms,randoms/Predictive_Modeling_in_Sports_Leagues_An.pdf,Predictive Modeling in Sports Leagues: IPL Application,2013,cricket,5,6,5,16,public,,SAS Enterprise Miner models predicting IPL player selection for auction valuation.
randoms,randoms/Proceedings_of_the_Third_Annual_Great_La.pdf,Proceedings of the Third Annual Great Lakes Analytics in Sports Conference,,general,2,2,1,5,none,,Conference proceedings front-matter; not a single research contribution.
randoms,randoms/Research_Methods_and_Performance_Analysi.pdf,Research Methods and Performance Analysis,,general,2,3,2,7,none,,Edited book on sport research methods and performance analysis.
randoms,randoms/Space_time_coordination_dynamics_in_bask.pdf,Space-Time Coordination Dynamics in Basketball: Part 2,2010,basketball,6,4,4,14,proprietary,,Dynamical-systems analysis of inter-team spatial coordination in basketball.
randoms,randoms/Spatio_temporal_movements_in_team_sports.pdf,Spatio-Temporal Movements in Team Sports: Motion Charts,2017,basketball,5,5,5,15,proprietary,,Motion-chart visualization approach for player spatio-temporal movement data.
randoms,randoms/Statistical_Analyses_of_Basketball_Team.pdf,Statistical Analyses of Basketball Team Performance by Possession Index,,basketball,4,5,5,14,proprietary,,Discriminates winning/losing Portuguese-league teams via possession-normalized stats.
randoms,randoms/Strategies_for_Pulling_the_Goalie_in_Hoc.pdf,Strategies for Pulling the Goalie in Hockey,,hockey,7,7,5,19,public,,"Bayesian NHL match simulator deriving improved, unused goalie-pulling strategies."
randoms,randoms/Temporal_Aspects_of_Team_Cognition_A_Cas.pdf,Temporal Aspects of Team Cognition: Basketball Case Study,2012,basketball,4,2,2,8,proprietary,,Qualitative course-of-action case study of shared understanding among five players.
randoms,randoms/The_Application_of_Machine_Learning_Tech.pdf,The Application of ML Techniques for Predicting Team Sport Results: A Review,2019,general,5,5,4,14,none,,"Widely-cited review of ML for team-sport result prediction, 1996-2019."
randoms,randoms/The_Complete_Plus_Minus_A_Case_Study_of.pdf,The Complete Plus-Minus: Columbus Blue Jackets Case Study,2013,hockey,6,6,5,17,public,,Master's thesis developing a complete plus-minus metric via NHL case study.
randoms,randoms/The_Effectiveness_of_the_Shotloc_Trainin.pdf,The Effectiveness of the Shotloc Training Tool on Free Throw Performance,2016,basketball,3,3,4,10,proprietary,,Industry-funded trial of a ShotLoc free-throw training aid on shooting technique.
randoms,randoms/The_Home_Field_Advantage_in_Athletics_A.pdf,The Home Field Advantage in Athletics: A Meta-Analysis,,multi,6,5,6,17,public,,Meta-analysis quantifying home advantage and moderators across sports.
randoms,randoms/The_Methods_and_Techniques_used_in_Diffe (2).pdf,The Methods and Techniques Used in Different Professional Sports Analytics,,general,3,4,3,10,none,,Overview of analytics methods used across professional sports.
randoms,randoms/The_harsh_rule_of_goals_data_driven_perf.pdf,The Harsh Rule of the Goals: Data-Driven Football Performance Indicators,,soccer,7,6,6,19,public,,Pass-network performance indicators shown to outperform goals for team evaluation.
randoms,randoms/The_hot_hand_phenomenon_measurement_issu.pdf,The Hot Hand Phenomenon: Measurement Issues Using Golf,2013,golf,4,2,4,10,public,,Discusses hot-hand measurement problems using golf as example.
randoms,randoms/The_latent_structure_of_standard_game_ef.pdf,The Latent Structure of Standard Game Efficiency Indicators in Basketball,,basketball,3,3,4,10,proprietary,,Principal-components analysis of 13 efficiency indicators over 134 matches.
randoms,randoms/Twenty_years_of_Hot_Hand_research_Review.pdf,Twenty Years of 'Hot Hand' Research: Review and Critique,2006,multi,5,3,4,12,none,,Systematic review and critique of two decades of hot-hand research.
randoms,randoms/Using_Machine_Learning_to_Predict_the_Ou.pdf,Using ML to Predict the Outcome of English County T20 Cricket,,cricket,6,6,5,17,public,,ML with 500+ engineered features beating a bookmaker benchmark on T20 county cricket.
randoms,randoms/Using_Twitter_to_predict_football_outcom.pdf,Using Twitter to Predict Football Outcomes,,soccer,6,5,4,15,mixed,,"Predicts Premier League results from tweets, beating chance and matching stats models."
randoms,randoms/Variations_on_multimedia_data_mining.pdf,Variations on Multimedia Data Mining (KDD Workshop),2000,none,2,2,2,6,none,,KDD multimedia-data-mining workshop proceedings; not sports-specific research.
randoms,randoms/Welcome_to_Nassau_Mausoleum_A_Case_Study.pdf,Welcome to Nassau Mausoleum: Hockey Telecasts Case Study,2015,hockey,3,1,2,6,none,,Media-framing case study of Islanders arena telecasts; not analytics.
randoms,randoms/epdf.pub_the-physics-of-basketball.pdf,The Physics of Basketball,,basketball,2,2,2,6,none,,Popular-science book on basketball physics; not research.
library,library/journals/Journal of Sports Analytics/2026/2026 - Hierarchical Bayesian Modeling of Cross-League Performance Translation in Elite Football - Shaikh.pdf,Hierarchical Bayesian Modeling of Cross-League Performance Translation in Elite Football,2026,Soccer,6,6,8,20,public,yes,"Hierarchical Bayesian 'league tax' for players transferring into the Premier League; uses within-league transfers as an untreated control to separate club-change shock from league effect, and grades itself on 90% HDI coverage rather than MAE."
curated,"2026 Lineup Regularized Adjusted Plus-Minus (L-RAPM) - Petridis, Pelechrinis.pdf",Lineup Regularized Adjusted Plus-Minus (L-RAPM): Basketball Lineup Ratings with Informed Priors,2026,NBA,7,8,6,21,public,no,"Rates lineups instead of players by shrinking lineup ridge coefficients toward a prior built from summed player RAPM; the only public method that can rate a lineup that has never played, and the gain grows as the lineup gets thinner."
library,"md/library/journals/Journal of Sports Analytics/2026/2026 - WINSCORE revisited - A model-based evaluation of player performance in the NBA and EuroLeague - Carta, Favero.md",WINSCORE revisited: A model-based evaluation of player performance in the NBA and EuroLeague,2026,NBA,5,8,7,20,public,referenced,"Re-derives Berri's WINSCORE as a two-parameter possession model whose box-score weights fall out of simulation rather than assumption; encompassing tests retire PIR, and a role-plus-minutes caliper fixes the low-minute extrapolation that inflates every role benchmark."
curated,"2024 Lasso Multinomial Performance Indicators for in-play Basketball Data - Damoulaki, Ntzoufras, Pelechrinis.pdf",Lasso Multinomial Performance Indicators for in-play Basketball Data,2024,NBA,6,8,7,21,public,no,"Bake-off of ridge vs lasso vs binary/multinomial-logit RAPM over 322,852 NBA possessions; the winner, wEPTS, models points-per-possession as the discrete 0-3 variable it actually is and weights each player by possession share."
curated,"2017 iWinRNFL - A Simple, Interpretable and Well-Calibrated In-Game Win Probability Model for NFL - Pelechrinis.pdf","iWinRNFL: A Simple, Interpretable & Well-Calibrated In-Game Win Probability Model for NFL",2017,NFL,5,7,8,20,public,no,"Ten-variable logistic in-game WP on 7 seasons of public pbp; 75% winner accuracy, well calibrated, and non-linear models on identical features bought nothing - a useful negative result for anyone reaching for a bigger learner."
curated,"2024 Understanding team collapse via probabilistic graphical models - Nikolaou, Pelechrinis, Terzi.pdf",Understanding team collapse via probabilistic graphical models,2024,NBA,7,4,7,18,public,yes,"Graphical model of team dynamics with learnable parameters, used to locate the causes of team collapse and state principles for resilient teams; NBA application is diagnostic rather than a shipping metric."
curated,2022 Implicit Biases in Refereeing - Lessons from NBA Referees - Pelechrinis.pdf,Implicit Biases in Refereeing: Lessons from NBA Referees,2022,NBA,5,5,8,18,public,no,"Home bias in NBA officiating is real and playoff-amplified but shrank after COVID; specific players draw favourable calls beyond chance, while team-level and racial bias show nothing - built entirely on public Last Two Minutes reports."
curated,"2017 tHoops - A Multi-Aspect Analytical Framework for Spatio-Temporal Basketball Data - Papalexakis, Pelechrinis.pdf",tHoops: A Multi-Aspect Analytical Framework for Spatio-Temporal Basketball Data,2017,NBA,7,5,6,18,mixed,yes,"PARAFAC decomposition of an entity-by-location-by-time tensor into interpretable prototype spatio-temporal patterns, with a rule for choosing the component count; every entity becomes a weighted mix of the prototypes."
curated,"2016 The Anatomy of the Three-Point Shot - Spatial Bias, Fractals and the Three-Point Line in the NBA - Pelechrinis.pdf","The Anatomy of the Three-Point Shot: Spatial Bias, Fractals and the Three-Point Line in the NBA",2016,NBA,7,4,7,18,public,no,"Shot attempts jump discontinuously across the three-point line while field goal percentage does not, so shooters are behaving rationally and it is the line's placement that wastes the space just inside it."
curated,"2016 Footballonomics - The Anatomy of American Football - Pelechrinis, Papalexakis.pdf",Footballonomics: The Anatomy of American Football; Evidence from 7 years of NFL game data,2016,NFL,5,5,8,18,public,no,"Rejects the rational-coaching hypothesis on PAT and fourth-down decisions across 2009-2015, then shows a small logistic plus bootstrap reaches ~63% game accuracy - comparable to far more complex systems."
curated,"2019 DeepHoops - Evaluating Micro-Actions in Basketball Using Deep Feature Representations - Sicilia, Pelechrinis, Goldsberry.pdf",DeepHoops: Evaluating Micro-Actions in Basketball Using Deep Feature Representations of Spatio-Temporal Data,2019,NBA,8,5,4,17,proprietary,partial,"Deep sequence model over tracking data emitting a running expected-points stream, framed as multi-class terminal-action classification with a parameterised downsampling scheme for class imbalance; values off-ball actions no box score sees."
curated,"2021 The Anatomy of Corner 3s in the NBA - Pelechrinis, Goldsberry.pdf","The Anatomy of Corner 3s in the NBA: What makes them efficient, how are they generated and how can defenses respond?",2021,NBA,7,6,3,16,proprietary,no,"Corner threes are efficient because they are assisted over 90% of the time, not because they are shorter; the defensive game solved here has a Nash equilibrium of committing to the corner or to the drive, never lingering."
library,md/library/journals/Journal of Sports Analytics/2026/2026 - Nuthin But A G League - Estimating league translation factors - Glazer.md,Nuthin' But A G League: Estimating league translation factors,2026,NBA,8,7,8,23,public,no,"First causal framing of league translation: genetic matching plus difference-in-differences against same-league stayers, which nets out aging and development so the residual is the league and not the move; G League to NBA factors come out directionally like the same-season method but consistently smaller."
library,md/library/journals/Journal of Sports Analytics/2025/2025 - A predictive metamodel for college football - Coleman.md,A predictive metamodel for college football,2025,CFB,6,8,7,21,public,no,"Forward selection by cross-validated PSSE over 29 CFB rating systems and 5,925 games picks a five-system ensemble that reaches 12.30 MAE and 74.1% winners on 2023-24, statistically significant in the presence of the opening line."
library,"md/library/journals/Journal of Sports Analytics/2023/2023 - A causal approach for detecting team-level momentum in NBA games - Weimer, Steinert-Threlkeld, Coltin.md",A causal approach for detecting team-level momentum in NBA games,2023,NBA,8,5,7,20,public,no,"Uses TV timeouts as an exogenous pause to identify momentum causally: the team on a run scores 11.2% fewer points in the next three minutes, an effect larger than an opponent substitution and not explained by mean reversion."
library,md/library/journals/Journal of Sports Analytics/2026/2026 - mWAR - A Bayesian estimator of manager value - Kahan.md,mWAR: A Bayesian estimator of manager value,2026,MLB,7,6,7,20,public,no,"Multilevel Bayesian manager estimator over 500+ MLB managers since 1901; gates itself on a simulated null before estimating anything, then reports each manager against a region of practical equivalence rather than a point estimate."
library,md/library/journals/Journal of Sports Analytics/2023/2023 - Predictions of european basketball match results with machine learning algorithms - Lampis et al.md,Predictions of european basketball match results with machine learning algorithms,2023,basketball,5,6,7,18,public,no,"Elo, PageRank and pi-rating features tuned per tournament lift box-score models across four European leagues and 5,214 games - and the lift is smallest in the EuroLeague, the most competitively balanced of them."
library,"md/library/journals/International Journal of Sports Science and Coaching/2017/2017 - Big data analytics for modeling scoring probability in basketball - Zuccolotto, Manisera, Sandri - METADATA ONLY.md",Big data analytics for modeling scoring probability in basketball: The effect of shooting under high-pressure conditions,2017,basketball,6,5,4,15,restricted,no,"CART over jointly-considered high-pressure situations yields new shooting measures, fit on Italian Serie A2 and validated on Rio 2016. SCORED FROM ABSTRACT ONLY - closed access, no full text held."
library,md/library/journals/Journal of Sports Analytics/2026/2026 - Concurrent validity of computer-vision AI player tracking software using broadcast footage - Crang et al.md,Concurrent validity of computer-vision artificial intelligence player tracking software using broadcast footage,2026,soccer,5,7,3,15,proprietary,no,"Three commercial broadcast-video tracking providers against TRACAB Gen 5 on one World Cup match: total distance bias spans -21.8% to +24.3% between providers, so use a tactical feed and treat provider choice as a first-order decision."
library,"md/library/journals/Journal of Sports Analytics/2025/2025 - How to assess leader capabilities - Applying AI algorithms to evaluate NBA head coaches - Kim, Lee.md",How to assess leader capabilities: Applying AI algorithms to evaluate NBA head coaches,2025,NBA,4,4,6,14,public,no,"Treats the residual between a prior-season-roster win prediction and actual results as the head coach's marginal contribution over 772 team-seasons; the residual is attributed to coaching by assumption, with no null test."
library,md/library/journals/Wharton Sports Analytics Journal/2022/2022 - Analyzing the Value of Starting Pitchers vs Relief Pitchers in MLB - Jha et al.md,Analyzing the Value of Starting Pitchers vs Relief Pitchers in MLB,2022,MLB,2,3,5,10,public,no,"Slide-deck correlations of 2019 team starter/reliever innings, payroll share, WAR and AAV/WAR; concludes starters are the better investment from single-season 30-team correlations."
library,md/library/journals/Wharton Sports Analytics Journal/2022/2022 - Creating a Better Pythagorean Expectation for Basketball - Zhuang et al.md,Creating a Better Pythagorean Expectation for Basketball,2022,NBA,2,2,3,7,unknown,no,"Slide deck swaps points for offensive/defensive rating with exponent 2 and multiplies by an ad hoc strength-of-schedule term, claiming r-squared .94 vs .49; no data source, validation design or holdout."
library,md/library/journals/Wharton Sports Analytics Journal/2022/2022 - Finding the NBA Draft Diamonds in the Rough - Batra et al.md,Finding the NBA Draft Diamonds in the Rough,2022,NBA,2,3,5,10,public,no,"Slide deck regressing NBA WS/82 and shooting splits on college stats for 2007-2016 draftees; low R^2, a 100-game survivorship filter, and anecdotal hits and misses."
library,md/library/journals/Wharton Sports Analytics Journal/2022/2022 - Go For It A Data Driven Analysis of NFL 4th Downs - Lerman et al.md,Go For It? A Data Driven Analysis of NFL 4th Downs,2022,NFL,1,2,5,8,public,no,Poster compares field-goal make rate x 3 with conversion rate x first-and-10 EP inside the opponent 40 for 2009-2019; ignores failed-attempt and missed-kick value and selection in attempted 4th downs.
library,md/library/journals/Wharton Sports Analytics Journal/2022/2022 - Home Field Advantage in English Premier League - Aird et al.md,Home Field Advantage in English Premier League,2022,soccer,2,2,4,8,unknown,no,"Poster computing per-club home-minus-away goal differential over three EPL seasons and relating it to attendance; simple descriptive arithmetic, no inference."
library,"md/library/journals/Wharton Sports Analytics Journal/2022/2022 - Hot Hand Fallacy, Fallacy, Fallacy - Babitz.md","Hot Hand Fallacy, Fallacy, Fallacy",2022,multi-sport,4,3,5,12,mixed,no,"Re-tests the Cornell hot-hand data with per-player permutation tests and combined p-values, proposes a bias-term approximation, and applies the framework to 2019 ShotLink putting; competent but incremental."
library,md/library/journals/Wharton Sports Analytics Journal/2022/2022 - How Rare is Pete Alonso s 53 Home Run Season - Burlant et al.md,How Rare is Pete Alonso’s 53 Home Run Season?,2022,MLB,1,1,4,6,unknown,no,Poster plotting rookie home-run totals and z-scores over time to argue Alonso 2019 53-HR season is less of an outlier than it seems; descriptive only.
library,md/library/journals/Wharton Sports Analytics Journal/2022/2022 - In a Rush to Pass NFL Teams Pass on Rushing - Cramer et al.md,In a Rush to Pass: NFL Teams Pass on Rushing,2022,NFL,2,3,5,10,mixed,no,Slide deck regressing win% on passing vs rushing success metrics and testing whether prior play-call mix affects EPA; finds passing about 1.5x more valuable and no diminishing returns.
library,md/library/journals/Wharton Sports Analytics Journal/2022/2022 - Optimal Pitch Spin Rate and Velocity to Maximize Whiff Rate - Park et al.md,Optimal Pitch: Spin Rate & Velocity to Maximize Whiff Rate,2022,MLB,2,2,5,9,public,no,"Slide deck regressing pitcher-level whiff rate on velocity and spin by pitch type from Statcast leaderboards, with Minor/Eovaldi case studies; basic linear fits, outlier filters unstated."
library,md/library/journals/Wharton Sports Analytics Journal/2022/2022 - Predicting Winners in Cricket Introducing Sports Analytics to One of the World s Most-Watched Sports - Liu et al.md,Predicting Winners in Cricket: Introducing Sports Analytics to One of the World’s Most-Watched Sports,2022,cricket,2,3,6,11,public,no,"Fits a Pythagorean exponent (about 4.9-5.5) to 2000-2021 ODI team-season runs and a fixed-K Elo for ICC full members; standard methods, and the Elo is never evaluated predictively."
library,md/library/journals/Wharton Sports Analytics Journal/2022/2022 - Quantifying NBA play style drift using Finite Mixture Multinomial model - Castle et al.md,Quantifying NBA play style drift using Finite Mixture Multinomial model,2022,NBA,5,4,6,15,public,no,"Clusters player-seasons by shot-location mix with a 15-component finite mixture multinomial and tracks transitions to explain the three-point shift; sensible model, evaluated informally."
library,md/library/journals/Wharton Sports Analytics Journal/2022/2022 - Rocket League esports - Lee et al.md,Rocket League: esports,2022,esports,5,4,5,14,public,no,"Builds a Rocket League 2v2 expected-goals model (logit, ridge, lasso, XGBoost) from replay frames, then studies shooter outperformance and offense/defense correlation; novel domain, thin validation."
library,md/library/journals/Wharton Sports Analytics Journal/2022/2022 - Seattle Kraken Expansion Draft Strategic Approaches - Malter et al.md,Seattle Kraken Expansion Draft: Strategic Approaches,2022,NHL,3,4,4,11,public,no,"Slide deck correlating 2016-17 stats with Vegas expansion-draft protection and comparing borderline players for Seattle’s 2021 draft; descriptive, no model."
library,md/library/journals/Wharton Sports Analytics Journal/2022/2022 - Stolen Bases are Disappearing as Baseball Become More Analytical - Yellin et al.md,Stolen Bases are Disappearing as Baseball Become More Analytical,2022,MLB,2,2,6,10,public,no,"Slide deck correlating 2019 steal success rate with wSB, speed score and runs scored; three correlations, conclusions overreach."
library,md/library/journals/Wharton Sports Analytics Journal/2022/2022 - Introducing Grid WAR Rethinking WAR for Starting Pitchers - Brill et al.md,Introducing Grid WAR: Rethinking WAR for Starting Pitchers,2022,MLB,7,6,8,21,public,yes,"Defines starter WAR game by game from a context-neutral win probability f(innings, runs) plus a mid-inning run distribution, summed over a season; convexity explains fWAR disagreements; code and data public."
library,md/library/journals/Wharton Sports Analytics Journal/2022/2022 - Is Everton s One-Season Drop Off Due to Random or Structural Factors - Bal et al.md,Is Everton’s One-Season Drop Off Due to Random or Structural Factors?,2022,soccer,1,2,2,5,unknown,no,"Short slide deck attributing Everton’s 2021-22 drop to managerial and transfer changes from goal, corner and shot plots; no method or data source."
library,md/library/journals/Wharton Sports Analytics Journal/2022/2022 - Is the MLB Picking the Right Umpires for the World Series - Fischer et al.md,Is the MLB Picking the Right Umpires for the World Series?,2022,MLB,3,3,2,8,unknown,no,Correlates umpire age with ball-strike accuracy and consistency for 2018-2021 and compares World Series crews' z-scores; a one-page slide with no named data source.
library,md/library/journals/Wharton Sports Analytics Journal/2022/2022 - Predicting Career Wins Above Replacement from Rookie Stats in Baseball Addressing the Esteban German Dilemma - Blumenstein et al.md,Predicting Career Wins Above Replacement from Rookie Stats in Baseball: Addressing the Esteban German Dilemma,2022,MLB,3,4,5,12,public,no,"Slide-deck regression of rest-of-career WAR on FanGraphs rookie-season stats (ISO, K%, SB, contact, defense, age), trained 2003-2015; r about 0.6 on 2016-18 holdouts with careers unfinished."
library,md/library/journals/Wharton Sports Analytics Journal/2022/2022 - Predicting the Quarterback-MVP in the NFL - Brill et al.md,Predicting the Quarterback-MVP in the NFL,2022,NFL,3,3,8,14,public,yes,"Logistic regression on within-season ranks of TDs, yards, team wins and EPA plus interceptions picks the QB MVP in 8.5 of 11 training and all 4 holdout seasons; tiny sample, hand-tuned features."
library,md/library/journals/Wharton Sports Analytics Journal/2022/2022 - Running to Runs the Importance of Baserunning - Patel et al.md,Running to Runs: the Importance of Baserunning,2022,MLB,2,2,6,10,public,no,"Poster plotting FanGraphs team BsR against runs and wins for 2002-2021 with a 2010 Rays case study; correlational, no model or effect size in the legible text."
library,"md/library/journals/Wharton Sports Analytics Journal/2022/2022 - Stars Matter an Analysis of College Football Recruiting, Development, and Draft Success - Kessman et al.md","Stars Matter: an Analysis of College Football Recruiting, Development, and Draft Success",2022,CFB,3,4,6,13,public,no,"Poster regressing 247 composite recruiting-class ratings on total draft value to rank programs by development residual and consistency; simple, with years unstated."
library,md/library/journals/Wharton Sports Analytics Journal/2022/2022 - The 2021-2022 Liaoning Flying Leopards The Best Championship Team in Franchise History - Yue et al.md,The 2021-2022 Liaoning Flying Leopards: The Best Championship Team in Franchise History,2022,basketball,1,2,5,8,public,no,"Poster comparing the 2017-18 and 2021-22 Liaoning Flying Leopards on true shooting, turnover rate and efficiency-differential z-scores; descriptive, with no model."
library,md/library/journals/Wharton Sports Analytics Journal/2022/2022 - The Importance of Break Point Percentage - Yu et al.md,The Importance of Break Point Percentage,2022,tennis,1,2,8,11,public,no,"Compares break-point conversion of winners and losers across 2,385 2021 ATP matches by surface; a near-tautological descriptive result from a one-page poster."
library,"md/library/journals/Wharton Sports Analytics Journal/2022/2022 - Whether Weather, Wind Speed and Temperature, Impacts Offensive Success in the NFL - Parks et al.md","Whether Weather, Wind Speed and Temperature, Impacts Offensive Success in the NFL",2022,NFL,2,3,7,12,public,no,"Slide-style summary of mean pass and rush EPA by bucketed wind speed and temperature from nflfastR; no controls, sample sizes or inference."
library,md/library/journals/Wharton Sports Analytics Journal/2022/2022 - Zero Running Backs or Zero Points An Analysis on the Optimal Fantasy Football Draft Strategy - Heller et al.md,Zero Running Backs or Zero Points: An Analysis on the Optimal Fantasy Football Draft Strategy,2022,NFL,3,4,4,11,public,no,"Monte Carlo snake-draft simulation with normally distributed ADP compares Zero-RB to a standard strategy over 10 seasons and finds no consistent edge; poster-level detail, hand-cleaned data."
library,md/library/journals/Wharton Sports Analytics Journal/2023/2023 - An Investigation of Sports Betting Selection and Sizing - Beggy et al.md,An Investigation of Sports Betting Selection and Sizing,2023,soccer,2,3,5,10,public,no,"Simulates flat, full-Kelly and fractional-Kelly staking on bets whose best price beats the cross-book average by 2.5-10%; filters and thresholds are chosen in-sample and the reported results contradict each other."
library,md/library/journals/Wharton Sports Analytics Journal/2023/2023 - Calculating NBA MVPs Using Advanced Sports Analytics - Shen et al.md,Calculating NBA MVPs Using Advanced Sports Analytics,2023,NBA,2,2,4,8,public,no,"Poster building an ad hoc 'ShenNagy' MVP score from correlation-weighted PER, WS, USG, TS and ratings among each season's top-10 candidates; 15/16 in-sample hits, its 2023 pick (Jokic) missed Embiid."
library,md/library/journals/Wharton Sports Analytics Journal/2023/2023 - Effect of Increased Three-point Shot Attempts on Probability of Winning in High School Basketball - Kostacos.md,Effect of Increased Three-point Shot Attempts on Probability of Winning in High School Basketball,2023,basketball,2,2,2,6,proprietary,no,Scatter-plot R-squared comparisons over 23 games of one high school team find more three-point attempts do not track wins; far too small and confounded to support the strategy conclusion.
library,https://wsb.wharton.upenn.edu/predicting-march-madness-cinderella-teams/,Predicting March Madness Cinderella Teams,2023,MBB,3,3,3,9,unknown,no,Uses power scores and bracket simulations to flag low seeds likely to reach the Sweet 16; the abstract reports power scores alone are insufficient and that matchups and luck matter. SCORED FROM ABSTRACT ONLY - the article page links another paper's PDF.
library,md/library/journals/Wharton Sports Analytics Journal/2023/2023 - Why Did They Succeed A World Cup 2022 Analysis - Lim et al.md,Why Did They Succeed? A World Cup 2022 Analysis,2023,soccer,2,2,4,8,public,no,"Correlates salary, goals per 90, xA and other Kaggle team stats with 2022 World Cup final rank across 32 teams; simple correlations, partly circular."
library,md/library/journals/Wharton Sports Analytics Journal/2023/2023 - A Research Study on Formula One Determining the Effectiveness of Drivers Based on Their Experience - Felix-Padilla.md,A Research Study on Formula One: Determining the Effectiveness of Drivers Based on Their Experience,2023,F1,3,3,6,12,public,no,Compares F1 points per season and salary-per-point across rookie/experienced/veteran bands (2005-2019) with ANOVA and a linear fit; ignores car quality and misreads p-values.
library,md/library/journals/Wharton Sports Analytics Journal/2023/2023 - Algorithmic NBA Player Acquisition - Brill et al.md,Algorithmic NBA Player Acquisition,2023,NBA,6,6,5,17,public,no,"Bayesian possession model interacting DARKO skill with k-means player archetypes and lineup superclusters (2022-23) to recommend fifth starters; thoughtful framing, but no out-of-sample validation."
library,md/library/journals/Wharton Sports Analytics Journal/2023/2023 - Are Surprise Teams in the MLB in 2023 More Surprising - Federico et al.md,Are “Surprise Teams” in the MLB in 2023 More Surprising?,2023,MLB,2,3,4,9,unknown,no,"Slide deck comparing correlations of midseason win% and Pythagorean win% with relative payroll for 2021-2023 MLB; 30 teams per season, no inference."
library,md/library/journals/Wharton Sports Analytics Journal/2023/2023 - More Than The Sum of Their Parts Evaluating Defensive Line Construction and Deployment - Shah et al.md,More Than The Sum of Their Parts: Evaluating Defensive Line Construction and Deployment,2023,NFL,6,5,3,14,mixed,no,"Clusters defensive linemen, models EPA over predicted by line archetype with a mixture density network, then picks and deploys players by LP; an inventive framework, unvalidated on one proprietary season."
library,md/library/journals/Wharton Sports Analytics Journal/2023/2023 - Optimal Rest Days for Pitchers Maximizing Performance and Wins - Zilberman et al.md,Optimal Rest Days for Pitchers: Maximizing Performance and Wins,2023,MLB,2,4,5,11,public,no,"Slide-deck study of about 6,000 2015-2022 starts adjusts FIP by career average and quality tier, concluding five days of rest is optimal (+1.52 wins via Pythagorean)."
library,md/library/journals/Wharton Sports Analytics Journal/2023/2023 - Optimal Strategy for Defensive Pressure in American Football Insights from an Expected Sack Model - Seth.md,Optimal Strategy for Defensive Pressure in American Football: Insights from an Expected Sack Model,2023,NFL,4,5,6,15,public,no,Pre-snap XGBoost expected-sack model on Big Data Bowl tracking and PFF charting ranks teams by sacks over expected; distance to QB dominates; validation is weak.
library,md/library/journals/Wharton Sports Analytics Journal/2023/2023 - Serving to Win A Statistical Exploration of Optimal Serves in Beach Volleyball - Zeng.md,Serving to Win: A Statistical Exploration of Optimal Serves in Beach Volleyball,2023,volleyball,4,5,2,11,proprietary,no,"Descriptive comparison of serve types and target zones across ~200,000 FIVB 2022 women's beach volleyball serves; finds jump-topspin more effective despite more errors, no controls for server skill."
library,md/library/journals/Wharton Sports Analytics Journal/2023/2023 - Sidelined Using Natural Language Processing to Investigate Gender Bias in Basketball Sports Journalism - Yellin.md,Sidelined: Using Natural Language Processing to Investigate Gender Bias in Basketball Sports Journalism,2023,basketball,5,4,5,14,public,yes,"Scrapes about 1,700 ESPN.com NCAA basketball articles to compare coverage volume and AFINN adjective sentiment by gender, presented in a Shiny app; descriptive, lexicon-based, one-day snapshot."
library,md/library/journals/Wharton Sports Analytics Journal/2024/2024 - A Holistic Examination of Streakiness and Consistency in Major League Baseball - Feder.md,A Holistic Examination of Streakiness and Consistency in Major League Baseball,2024,MLB,5,4,9,18,public,yes,"Applies Albert-style streak and spacing scores with block-permutation tests to 2023 Statcast PA- and swing-level outcomes for 136 hitters and 127 pitchers, relating consistency to traditional stats; simulation-checked, single season."
library,md/library/journals/Wharton Sports Analytics Journal/2024/2024 - Analysis of Success Probabilities in Field Hockey with Machine Learning - Lee.md,Analysis of Success Probabilities in Field Hockey with Machine Learning,2024,field hockey,4,3,4,11,public,referenced,"Fits player random-effect logistic models (glmer and RStan) to 270 shots from one Northeastern season; a new sport for analytics, but a tiny sample and the two fits disagree on key signs."
library,md/library/journals/Wharton Sports Analytics Journal/2024/2024 - Analyzing Force in Tackling with the Creation of the Force Over Expected Metric - Yoo et al.md,Analyzing Force in Tackling with the Creation of the Force Over Expected Metric,2024,NFL,4,3,5,12,public,no,"Defines tackle force from mass, acceleration and movement angles in BDB 2024 tracking and fits a linear 'force over expected'; the physics is rough, R^2 is 0.49, and outliers were dropped after the fit."
library,md/library/journals/Wharton Sports Analytics Journal/2024/2024 - Evaluating the Impact of Special Teams on Winning - Ladden et al.md,Evaluating the Impact of Special Teams on Winning,2024,NFL,3,4,7,14,public,no,"Builds decision-neutral special-teams EPA from a drive-start EP curve, sums it into STPI and regresses win% on STPI plus PFR OSRS/DSRS; the per-play conclusions rest on a crude play-count ratio."
library,md/library/journals/Wharton Sports Analytics Journal/2024/2024 - Exploring the Evolution of the NFL Draft Pick Trade Market Over Time - Nathanson.md,Exploring the Evolution of the NFL Draft Pick Trade Market Over Time,2024,NFL,4,5,6,15,public,no,"Refits the Massey-Thaler Weibull pick-value model on rolling ten-year windows of pick-only trades 1983-2023, tracking volume, discount rate, consensus and steepness; clear but descriptive."
library,"md/library/journals/Wharton Sports Analytics Journal/2024/2024 - High Value Football Transfers A Win or Loss Correlation of High Value Football Transfers, with their Subsequent Performances - Mittal.md","High Value Football Transfers: A Win or Loss? Correlation of High Value Football Transfers, with their Subsequent Performances",2024,soccer,2,2,5,9,public,no,"Averages two-year Transfermarkt market-value changes for the ten priciest transfers per position per season 2017-2020; descriptive bar charts, no correlation computed despite the title, conclusions overreach."
library,md/library/journals/Wharton Sports Analytics Journal/2024/2024 - Quantifying NFL Quarterback Aggressiveness Using aDOT Over Expected (AYOE) - Vignesh.md,Quantifying NFL Quarterback Aggressiveness Using aDOT Over Expected (AYOE),2024,NFL,3,4,9,16,public,yes,"XGBoost expected-air-yards model on nflfastR PBP (train 2014-2020, test 2021-2023) yields QB aDOT over expected with a receiver-trust input; finds no link to EPA/pass; incremental on prior AYOE work."
library,md/library/journals/Wharton Sports Analytics Journal/2024/2024 - SET Spatial Edge Technique A Framework to Evaluate Edge Setters - Bhatia et al.md,SET: Spatial Edge Technique – A Framework to Evaluate Edge Setters,2024,NFL,6,6,6,18,public,yes,"Big Data Bowl metric scoring edge-setting by overlap of a defender’s Voronoi region with a projected runner density plus the induced inside cut angle; novel target, unvalidated against outcomes."
library,md/library/journals/Wharton Sports Analytics Journal/2024/2024 - The Sharpe Ratio and Hitter Evaluation A New Application of Modern Portfolio Theory - Knight.md,The Sharpe Ratio and Hitter Evaluation: A New Application of Modern Portfolio Theory,2024,baseball,4,4,3,11,mixed,no,Recasts SLG/(K/BB) as a hitter 'Sharpe ratio' and argues plate-discipline 'volatility' is stickier than output via year-over-year R²; college case studies use undisclosed self-built metrics.
library,md/library/journals/Wharton Sports Analytics Journal/2024/2024 - Understanding the Relationship Between Mental Health Literacy and Grit in a Sample of High School Female Athletes - Hone.md,Understanding the Relationship Between Mental Health Literacy and Grit in a Sample of High School Female Athletes,2024,multi-sport,3,3,2,8,proprietary,no,"Surveys 48 rural-Utah high-school girls (27 athletes) on mental health literacy, grit and mental toughness; Mann-Whitney and Spearman tests on a tiny Facebook-recruited convenience sample."
library,md/library/journals/Wharton Sports Analytics Journal/2024/2024 - Using a Novel Metric of Expected Points Above Average (EPAA) Versus Salary to Assess 2023 National Football League Kicker Value - Gandhi.md,Using a Novel Metric of Expected Points Above Average (EPAA) Versus Salary to Assess 2023 National Football League Kicker Value,2024,NFL,3,5,7,15,public,no,"Weather-adjusted logistic kick model on nflfastR 2015-2023 yields kicker points above average, compared with 2023 salaries (no correlation found); standard FG-over-expected idea, sensibly executed."
library,md/library/journals/Wharton Sports Analytics Journal/2024/2024 - Beyond the Boundary Revolutionizing the IPL MVP Index - Rajaram et al.md,Beyond the Boundary: Revolutionizing the IPL MVP Index,2024,cricket,4,4,6,14,public,no,"Builds league-relative batting and bowling metrics for IPL 2021-2024 and weights them by regressing team win% on aggregated z-scores; about 30 training team-seasons, test R2 0.80 on 10 teams."
library,md/library/journals/Wharton Sports Analytics Journal/2024/2024 - Calculating Win Probabilities of Any Matchup of Soccer Teams A Whole-History Rating Approach for the Wharton High School Data Science Compet - Seung et al.md,Calculating Win Probabilities of Any Matchup of Soccer Teams: A Whole-History Rating Approach for the Wharton High School Data Science Competition,2024,soccer,3,2,4,9,proprietary,no,"Multi-pass Elo/Bradley-Terry rating weighted by xG differential, tuned by Nelder-Mead, for the fictional WHSDSC soccer league; first-place competition entry with an 80/20 split RMSE."
library,md/library/journals/Wharton Sports Analytics Journal/2024/2024 - Clutch Matches Are In The Middle Optimizing OPR with Weighted Least Squares - Krotkov et al.md,Clutch Matches Are In The Middle: Optimizing OPR with Weighted Least Squares,2024,other,4,4,7,15,public,referenced,"Applies weighted least squares by match position to FRC OPR across 2009-2024 district events; the LOOCV gain is only 0.4%, and the 'clutch' framing overstates a small heteroskedasticity fix."
library,md/library/journals/Wharton Sports Analytics Journal/2024/2024 - College Basketball An In-depth Study of the Foul Up 3 Dilemma - Zapata-Hall.md,College Basketball: An In-depth Study of the “Foul Up 3” Dilemma,2024,MBB,5,6,8,19,public,yes,Builds a game-clock x shot-clock grid from 2010-2022 NCAA D-I PBP plus a coach survey to recommend foul/no-foul up 3 per cell by overtime-adjusted win%; coachable but no uncertainty.
library,md/library/journals/Wharton Sports Analytics Journal/2024/2024 - Examining regional and familiarity bias of referees in USA Fencing Division I bouts - Lipkovitz.md,Examining regional and familiarity bias of referees in USA Fencing Division I bouts,2024,fencing,5,3,6,14,public,no,"Regresses 35,111 USA Fencing Division I pool-bout margins and wins on referee-fencer same-region status, exploiting quasi-random referee assignment; finds no favoritism in foil/saber and a small epee effect."
library,md/library/journals/Wharton Sports Analytics Journal/2024/2024 - Expected Value Curves Don t Tell the Full Story Exploring NFL Draft Position Trade Value Curves - Zilberman et al.md,Expected Value Curves Don’t Tell the Full Story: Exploring NFL Draft Position Trade Value Curves,2024,NFL,6,6,7,19,public,no,Models the full density of second-contract value by draft slot with beta regression and shows eliteness-weighted value functions give steeper curves that match the trade market; clear and useful.
library,md/library/journals/Wharton Sports Analytics Journal/2024/2024 - Exploring various NBA draft value curves - Bewtra et al.md,Exploring various NBA draft value curves,2024,NBA,4,5,7,16,public,yes,"Builds 12 mean/median NBA draft value curves from BPM, RAPTOR and WAR, mapping performance to salary share via Gamma regression to keep curves positive; shows the curves diverge widely but recommends none."
library,md/library/journals/Wharton Sports Analytics Journal/2024/2024 - To Go for Two or Not to Go for Two A Statistical Analysis of the Biggest Prisoner s Dilemma in the National Football League - Venkatesh et al.md,To Go for Two or Not to Go for Two? A Statistical Analysis of the Biggest Prisoner’s Dilemma in the National Football League,2024,NFL,2,3,8,13,public,no,"Compares extra-point and two-point conversion rates before and after the 2015 XP move with nflfastR; expected-value tables and a two-point linear distance extrapolation, no game-state modeling."
library,md/library/journals/Wharton Sports Analytics Journal/2025/2025 - Adjusting Double Poisson Models to Predict the NCAA Division I Softball Championship - Smith et al.md,Adjusting Double Poisson Models to Predict the NCAA Division I Softball Championship,2025,softball,4,4,6,14,public,no,"Replaces MLE Double Poisson strengths with run-average ratios plus ad hoc conference and schedule adjustment factors and simulates the 2024 NCAA softball tournament 2,000 times; one season, stage-level accuracy only."
library,md/library/journals/Wharton Sports Analytics Journal/2025/2025 - Analyze Tennis Winning Factors Across Different Surfaces By Utilizing Random Forest - Deng.md,Analyze Tennis Winning Factors Across Different Surfaces By Utilizing Random Forest,2025,tennis,2,3,7,12,public,no,"Fits per-surface random forests on within-match serve, winner and error rates from 1,103 Slam matches and reads MDI importance and partial dependence; descriptive, since in-match rates nearly define the result."
library,md/library/journals/Wharton Sports Analytics Journal/2025/2025 - Deal or No Deal How NFL Teams May Be Better Off in the Draft - Vinchurkar.md,Deal or No Deal? – How NFL Teams May Be Better Off in the Draft,2025,NFL,2,3,3,8,mixed,no,"Descriptive comparison of 2018-2022 draft-pick counts, playoff appearances and Forbes revenue with case-study anecdotes; concludes drafting and market size matter, but runs no statistical tests or controls."
library,md/library/journals/Wharton Sports Analytics Journal/2025/2025 - Defensive Motor Index (DMI) A New Metric for Evaluating Defensive Effort and Impact in the NBA - Gurijala.md,Defensive Motor Index (DMI): A New Metric for Evaluating Defensive Effort and Impact in the NBA,2025,NBA,3,3,2,8,mixed,no,"Proposes a weighted composite of hustle stats (deflections, loose balls, contests, transition defense, steals+blocks) as a Defensive Motor Index; weights ad hoc, results anecdotal, no correlations reported."
library,md/library/journals/Wharton Sports Analytics Journal/2025/2025 - Stats and Stumps Using Machine Learning to Predict T20I Matches with Player and Venue Data - Sharma.md,Stats & Stumps: Using Machine Learning to Predict T20I Matches with Player and Venue Data,2025,cricket,3,4,7,14,public,yes,"Builds hand-tuned batting/bowling impact scores with venue scaling and compares elastic net, random forest and SVM for T20I winners; 70% accuracy, likely leaky ratings, code released."
library,md/library/journals/Wharton Sports Analytics Journal/2025/2025 - Testing the Bottleneck Hypothesis in Professional Tennis Rankings - Richey et al.md,Testing the ‘Bottleneck’ Hypothesis in Professional Tennis Rankings,2025,tennis,4,4,7,15,public,no,"Tests whether the ATP's 2024 ranking-points reallocation created a top-100 bottleneck via stickiness t-tests, points totals, Elo-vs-rank plots and hypothetical schedules; timely policy question, pilot-level evidence."
library,md/library/journals/Wharton Sports Analytics Journal/2025/2025 - The Risk and the Reward An In-depth Evaluation of Strategic Aggressiveness in Men s Tennis - Venkatesh et al.md,The Risk and the Reward: An In-depth Evaluation of Strategic Aggressiveness in Men’s Tennis,2025,tennis,5,4,6,15,public,no,"Hand-weighted shot aggressiveness scores from Match Charting Project data, k-means player tiers and an XGBoost reward model recommend aggressiveness by score and rank context; the metric is ad hoc and unvalidated."
library,"md/library/journals/Wharton Sports Analytics Journal/2025/2025 - To What Extent Do Socioeconomic Factors Such as HDI, Continental Origin, and Previous Host Advantage Affect Paralympic Medal Winning - Elagamawy et al.md","To What Extent Do Socioeconomic Factors Such as HDI, Continental Origin, and Previous Host Advantage Affect Paralympic Medal Winning?",2025,Paralympics,2,2,7,11,public,no,"Descriptive inequality analysis (SD, Theil index, Lorenz curve, one-sample t-tests) of Paris 2024 Paralympic medals by HDI, continent and past-host status; one Games, no multivariate model."
library,md/library/journals/Wharton Sports Analytics Journal/2025/2025 - Using Machine Learning to Construct Optimal Team Rosters in the Modern NBA - Patel.md,Using Machine Learning to Construct Optimal Team Rosters in the Modern NBA,2025,NBA,4,4,5,13,public,no,"Clusters player-seasons into ten k-means archetypes and fits XGBoost on 300 team-seasons to rank 39,853 hypothetical rosters; with no holdout and no control for talent, the conclusions are weak."
library,md/library/journals/Wharton Sports Analytics Journal/2025/2025 - A Comparative Analysis of Rating Systems in the US Junior Tennis Development Pathway - Abramson.md,A Comparative Analysis of Rating Systems in the US Junior Tennis Development Pathway,2025,tennis,5,6,3,14,mixed,no,"Scrapes 70,822 USTA junior matches with weekly UTR, WTN and USTA rankings; UTR predicts winners best (78.5%) and shows least sectional bias, using simple accuracy and McNemar tests."
library,md/library/journals/Wharton Sports Analytics Journal/2025/2025 - A Run Expectancy Approach to Lead Distance Optimization in Major League Baseball - Dodson et al.md,A Run Expectancy Approach to Lead Distance Optimization in Major League Baseball,2025,MLB,6,6,4,16,mixed,no,"Nested logistic models of pickoff and steal stages on MLB-provided 2024 lead-distance data map leads to expected runs and an optimal lead; clear and interpretable, but run gains are tiny."
library,md/library/journals/Wharton Sports Analytics Journal/2025/2025 - AI Special Feature AI-Assisted Substitution Decisions A Fuzzy Logic Approach to Real-Time Game Management - Farias.md,AI Special Feature: AI-Assisted Substitution Decisions: A Fuzzy Logic Approach to Real-Time Game Management,2025,soccer,4,3,8,15,public,yes,"Builds a Mamdani fuzzy-logic substitution-priority system from PlayeRank, minutes, age and yellow cards on Wyscout data; validated only by four hand-picked scenarios using post-match aggregates."
library,"md/library/journals/Wharton Sports Analytics Journal/2025/2025 - Beyond the Hot Hand Skill, Experience, and Context as Determinants of Elite Badminton Performance - Kuthiala.md","Beyond the Hot Hand: Skill, Experience, and Context as Determinants of Elite Badminton Performance",2025,badminton,3,3,5,11,public,no,"Elo, logistic regression and XGBoost predict 3,761 BWF men's singles matches (76.5% accuracy); importance ranks skill and experience over recent form, but the experience feature leaks future matches."
library,md/library/journals/Wharton Sports Analytics Journal/2025/2025 - Boosting Draft Accuracy A Two-Stage Classifier Regressor Approach for NFL Wide Receiver Prospect Evaluation - Patangi.md,Boosting Draft Accuracy: A Two-Stage Classifier–Regressor Approach for NFL Wide Receiver Prospect Evaluation,2025,NFL,3,4,7,14,public,no,"Two-stage gradient-boosting classifier and CatBoost regressor predict whether and where combine-invited WRs are drafted; 89% accuracy, 49-pick MAE across four leave-one-season-out folds."
library,md/library/journals/Wharton Sports Analytics Journal/2025/2025 - Forecasting NFL Wide Receiver Touchdowns with a Temporal Linear Regression Model - Chung.md,Forecasting NFL Wide Receiver Touchdowns with a Temporal Linear Regression Model,2025,NFL,2,3,6,11,public,no,"OLS on PFR wide-receiver seasons (train 1990-2010, test 2011-2024) reports R2 0.80 for touchdown totals, likely inflated by same-season efficiency and red-zone features."
library,md/library/journals/Wharton Sports Analytics Journal/2025/2025 - Modeling Realistic Placement Probabilities in Speedcubing Using Kernel Density Estimation (KDE) - Saito.md,Modeling Realistic Placement Probabilities in Speedcubing Using Kernel Density Estimation (KDE),2025,speedcubing,5,4,6,15,public,referenced,Simulates WCA speedcubing placements from per-competitor Gaussian KDEs of recent solves with bootstrapped Ao5s; evaluated on one 15-podium-spot local competition with no psych-sheet baseline.
library,md/library/journals/Wharton Sports Analytics Journal/2025/2025 - Multi-Model Consensus an Ensemble Approach to Basketball Predictions - Gupta.md,Multi-Model Consensus: an Ensemble Approach to Basketball Predictions,2025,WBB,2,3,6,11,unknown,yes,"Builds Elo, weighted Four Factors, temporal logistic and PageRank models on a 2021-22 NCAA WBB competition dataset and compares their matchup probabilities; no accuracy against outcomes is reported."
library,md/library/journals/Wharton Sports Analytics Journal/2025/2025 - Optimizing Lead Distance - Whitney-Epstein et al.md,Optimizing Lead Distance,2025,MLB,5,5,3,13,public,no,"Slide deck fitting GLMs for steal, caught-stealing and pickoff odds on lead distance, pitcher threat, pop time and speed to find run-maximizing leads; a good question, thinly documented."
library,md/library/journals/Wharton Sports Analytics Journal/2025/2025 - PRSS A New Metric to Quantify Pocket Collapses in the National Football League - Hafiz et al.md,PRSS: A New Metric to Quantify Pocket Collapses in the National Football League,2025,NFL,5,4,7,16,public,referenced,"Defines PRSS, the steepest smoothed shrinkage rate of the quarterback's Voronoi cell, on 2023 Big Data Bowl tracking; sensible team rankings but validation is a binned-mean R-squared against yards."
library,md/library/journals/Wharton Sports Analytics Journal/2025/2025 - Quantifying the Drivers of Serve Effectiveness in Men s Tennis - Chen et al.md,Quantifying the Drivers of Serve Effectiveness in Men’s Tennis,2025,tennis,4,4,8,16,public,yes,"Player-level OLS of US Open first-serve efficiency (points won within three shots) on speed, first-serve % and location entropy; speed dominates, out-of-sample r=0.39, code released."
library,md/library/journals/Wharton Sports Analytics Journal/2025/2025 - Re-evaluating the Qualifying Finish Relationship in Formula One A Replication and Correction of Prior Findings - Weissbock et al.md,Re-evaluating the Qualifying/Finish Relationship in Formula One: A Replication and Correction of Prior Findings,2025,F1,4,4,6,14,public,no,"Replicates Muhlbauer's grid-finish contingency analysis, then extends it to the full field 2006-2023 with Spearman and ordinal logit, finding qualifying beats grid; careful but descriptive."
library,md/library/journals/Wharton Sports Analytics Journal/2025/2025 - Using Injury-Risk Forecasting to Quantify Financial Impact in the NBA - Wang.md,Using Injury-Risk Forecasting to Quantify Financial Impact in the NBA,2025,NBA,4,5,6,15,public,no,"Random forest on Kaggle box-score workload and injury-history features predicts next-game NBA injury (69% recall, 62% specificity at a 2% threshold) and converts risk to salary-based expected cost."
library,md/library/journals/Wharton Sports Analytics Journal/2025/2025 - Using Markov Chains and Statistical Analysis to Model Intentional Fouling Situations in NCAA Division 1 Men s Basketball - Sengupta.md,Using Markov Chains and Statistical Analysis to Model Intentional Fouling Situations in NCAA Division 1 Men’s Basketball,2025,MBB,4,3,8,15,public,yes,Markov-chain expected points for possessions versus one-and-one and double-bonus free throws by NCAA D1 team and shooter (2024-25 ESPN PBP); ignores clock time and win probability.
library,md/library/journals/Wharton Sports Analytics Journal/2026/2026 - A Unified Server Quality Metric for Tennis - Li et al.md,A Unified Server Quality Metric for Tennis,2026,tennis,6,6,7,19,public,referenced,"Fits crossed server/returner logistic GLMMs on Grand Slam point-level serve speed and placement to build a Server Quality Score; careful out-of-sample benchmarks against wElo and ablations, weak second-serve signal."
library,"md/library/journals/Wharton Sports Analytics Journal/2026/2026 - Age-Structured Transition Analysis of Competitive Exit in U.S. Fencing Continuation, Temporary Absence, Return, and Terminal Non-Return - Liu.md","Age-Structured Transition Analysis of Competitive Exit in U.S. Fencing: Continuation, Temporary Absence, Return, and Terminal Non-Return",2026,fencing,5,5,5,15,public,no,"Builds an athlete-age panel of 13,206 USA Fencing members to estimate continuation, gap-return and terminal non-return probabilities by weapon and sex; clear descriptive transition analysis, no covariates or formal inference."
library,md/library/journals/Wharton Sports Analytics Journal/2026/2026 - All-Star Based Evaluation of Draft Value Curves Across Major North American Sports Leagues - Abell et al.md,All-Star Based Evaluation of Draft Value Curves Across Major North American Sports Leagues,2026,multi-sport,5,4,7,16,public,no,"Fits cubic B-splines of All-Star (Pro Bowl) probability and appearances by draft slot for NFL, NBA, NHL and MLB; clear cross-league comparison, descriptive with no uncertainty bands."
library,md/library/journals/Wharton Sports Analytics Journal/2026/2026 - Beyond the Expert An Algorithmic Approach to Correcting Expert Bias in Fantasy Football Projections - Jayanti.md,Beyond the Expert: An Algorithmic Approach to Correcting Expert Bias in Fantasy Football Projections,2026,NFL,3,4,7,14,public,yes,"Position-specific XGBoost regressors on 1,933 lagged season features project 2025 PPR ranks against ESPN preseason projections; one test season, ESPN better for RB/WR, model better on QB/TE ordering."
library,md/library/journals/Wharton Sports Analytics Journal/2026/2026 - Integrating Dynamic Defensive Geometry and Match-State Context in Probabilistic Shot Quality Assessment An Advanced Expected Goals Modeling - Singh.md,Integrating Dynamic Defensive Geometry and Match-State Context in Probabilistic Shot Quality Assessment: An Advanced Expected Goals Modeling Framework,2026,soccer,4,5,8,17,public,yes,"XGBoost xG on StatsBomb open data adding freeze-frame pressure features (angular pressure, keeper distance) and a Streamlit app; open code, but AUC 0.878 and beats-industry claims are overstated."
library,md/library/journals/Wharton Sports Analytics Journal/2026/2026 - Kicking for Goal or Touch An Expected Points Framework for Penalty Decisions in Rugby Union - Watts et al.md,Kicking for Goal or Touch? An Expected Points Framework for Penalty Decisions in Rugby Union,2026,rugby,6,7,6,19,mixed,yes,"Builds a multinomial next-score EP surface for lineouts and an angle-distance make model with miss continuation value to map kick-at-goal vs kick-to-touch frontiers; match-cluster bootstrap, code released."
library,md/library/journals/Wharton Sports Analytics Journal/2026/2026 - Opponent-Adjusted Evaluation of NFL Pass Blocking and Pass Rushing Performance - Pipping-Gam n et al.md,Opponent-Adjusted Evaluation of NFL Pass Blocking and Pass Rushing Performance,2026,NFL,6,6,4,16,proprietary,yes,"Ridge-regularized Bradley-Terry models on 153,138 Hudl-tracked blocker-rusher interactions give opponent-adjusted OL and pass-rusher ratings; holdout and game-bootstrap validation are careful but gains are tiny."
library,md/library/journals/Wharton Sports Analytics Journal/2026/2026 - Performance Analysis in the Brazilian Soccer League Applying Machine Learning Techniques to Team Evaluation - Barbeiro.md,Performance Analysis in the Brazilian Soccer League: Applying Machine Learning Techniques to Team Evaluation,2026,soccer,3,3,6,12,public,no,"Clusters the 20 Brazilian Serie A teams of 2019 into six k-means profiles from aggregated match stats and betting odds, explaining clusters with random forest and SHAP; tiny sample, descriptive."
library,md/library/journals/Wharton Sports Analytics Journal/2026/2026 - Real-Time Basketball Jumpshot Detection on iOS A Comparative Analysis of Linear Regression and Random Forest Classification Using Apple s Vi - Meng.md,Real-Time Basketball Jumpshot Detection on iOS: A Comparative Analysis of Linear Regression and Random Forest Classification Using Apple’s Vision Framework,2026,basketball,3,3,2,8,proprietary,no,Compares unregularized linear regression and random forest for frame-level jumpshot detection from Apple Vision pose landmarks on iPhone; tiny self-recorded sample and frame-level random split overstate accuracy.
library,md/library/journals/Wharton Sports Analytics Journal/2026/2026 - The Contract Effect Why NHL Players Perform Differently When Money Is on the Line - Palisin.md,The Contract Effect: Why NHL Players Perform Differently When Money Is on the Line,2026,NHL,4,5,5,14,public,no,"Regresses NHL skater stats over five seasons around 278 multi-year signings (2013-2025) and fits ridge/RF/XGBoost to predict contract-year production; reports a 5.6-unit shortfall, muddled design."
library,md/library/journals/Wharton Sports Analytics Journal/2023/2023 - Against All Odds Leicester City s Triumphant Journey to Premier League Glory - Lu et al.md,Against All Odds: Leicester City’s Triumphant Journey to Premier League Glory,2023,soccer,2,2,4,8,public,no,"Rookie Review slides splitting Leicester's 2015-16 title into skill and luck with a payroll model, Pythagorean residuals and xG z-scores; descriptive, with an unexplained 15,000-to-1 figure."
library,md/library/journals/Wharton Sports Analytics Journal/2025/2025 - Poise or Panic Breaking Down QB Pressure - Hafiz et al.md,Poise or Panic? Breaking Down QB Pressure,2025,NFL,4,4,4,12,public,no,"Rookie Review slides computing a Voronoi pocket-shrink rate (PRSS) from tracking frames and relating binned values to yards gained; the R^2 of 0.51 is on bins, not plays."
library,md/library/journals/Wharton Sports Analytics Journal/2026/2026 - Predicting WHL Tournament Outcomes Bayesian Mixed-Effects Modeling and Monte Carlo Simulation - Zaslow et al.md,Predicting WHL Tournament Outcomes: Bayesian Mixed-Effects Modeling & Monte Carlo Simulation,2026,hockey,4,4,5,13,unknown,no,"Opponent-adjusted, phase-specific Bayesian xG team ratings plus Poisson Monte Carlo for a simulated hockey league’s first-round playoff games; sound workflow, untestable on real outcomes."
library,md/library/journals/Wharton Sports Analytics Journal/2025/2025 - The Curse of the Second Red Bull - Zahn et al.md,The Curse of the Second Red Bull,2025,F1,4,4,3,11,unknown,no,"Slide deck regressing standardized qualifying time on driver, team, best session and team-by-year (2019-2025) to separate Verstappen from the second Red Bull car; results only in figures."
library,md/library/journals/Wharton Sports Analytics Journal/2023/2023 - The Drafting Dynasty Which NBA Franchise Dominates the Draft - Dandapani et al.md,The Drafting Dynasty: Which NBA Franchise Dominates the Draft?,2023,NBA,3,3,3,9,unknown,no,"Slide deck defining a 'J.O.K.I.C.' draft-value score from draft-class-standardized career average Win Shares scaled by pick and class strength, then ranking franchises; constants unexplained."
